ID,Type,SKU,"GTIN, UPC, EAN, or ISBN",Name,Published,"Is featured?","Visibility in catalog","Short description",Description,"Date sale price starts","Date sale price ends","Tax status","Tax class","In stock?",Stock,"Low stock amount","Backorders allowed?","Sold individually?","Weight (kg)","Length (cm)","Width (cm)","Height (cm)","Allow customer reviews?","Purchase note","Sale price","Regular price",Categories,Tags,"Shipping class",Images,"Download limit","Download expiry days",Parent,"Grouped products",Upsells,Cross-sells,"External URL","Button text",Position,Brands,"Meta: slide_template","Meta: _dt_sidebar_position","Meta: _dt_sidebar_widgetarea_id","Meta: _dt_sidebar_hide_on_mobile","Meta: _dt_footer_show","Meta: _dt_footer_widgetarea_id","Meta: _dt_footer_hide_on_mobile","Meta: _dt_header_title","Meta: _dt_header_background","Meta: _dt_header_background_below_slideshow","Meta: _dt_header_transparent_bg_color_scheme","Meta: _dt_header_transparent_top_bar_bg_color","Meta: _dt_header_transparent_top_bar_bg_opacity","Meta: _dt_header_transparent_bg_color","Meta: _dt_header_transparent_bg_opacity","Meta: _dt_header_disabled_background","Meta: _dt_header_disabled_transparent_bg_color_scheme","Meta: _dt_header_disabled_transparent_top_bar_bg_color","Meta: _dt_header_disabled_transparent_top_bar_bg_opacity","Meta: _dt_header_disabled_transparent_bg_color","Meta: _dt_header_disabled_transparent_bg_opacity","Meta: _dt_page_overrides_top_margin","Meta: _dt_page_overrides_bottom_margin","Meta: _wp_page_template","Meta: rs_page_bg_color","Meta: _dt_page_overrides_right_margin","Meta: _dt_page_overrides_left_margin","Meta: _dt_mobile_page_padding_top","Meta: _dt_mobile_page_padding_right","Meta: _dt_mobile_page_padding_bottom","Meta: _dt_mobile_page_padding_left"
2071,simple,,,"465mm x 700mm Winchester Mirror",1,0,visible,"<h4>465mm x 700mm Winchester Mirror</h4>","465mm x 700mm Winchester Mirror",,,taxable,,1,,,0,0,,,,,1,,,,Mirrors,,,https://showerhaus.co.za/wp-content/uploads/2019/07/465mm-x-700mm-Winchester-Mirror-1.jpg,,,,,,,,,0,,,left,sidebar_4,0,1,sidebar_2,0,enabled,normal,disabled,light,#ffffff,25,#000000,50,normal,light,#ffffff,25,#000000,50,,,,,,,,,,
2150,simple,,,"Baron Art Grey Wash 1200 x 900",1,0,visible,"<h4>Baron Art Grey Wash 1200 x 900</h4>","Baron Art Grey Wash 1200 x 900",,,taxable,,1,,,0,0,,,,,1,,,,Mirrors,,,https://showerhaus.co.za/wp-content/uploads/2019/08/Baron-Art-Grey-Wash-1200-x-900.jpg,,,,,,,,,0,,,left,sidebar_4,0,1,sidebar_2,0,enabled,normal,disabled,light,#ffffff,25,#000000,50,normal,light,#ffffff,25,#000000,50,,,,,,,,,,
2151,simple,,,"Cafe Classic Grey Wash 1300 by 900mm",1,0,visible,"<h4>Cafe Classic Grey Wash 1300 by 900mm</h4>","Cafe Classic Grey Wash 1300 by 900mm",,,taxable,,1,,,0,0,,,,,1,,,,Mirrors,,,https://showerhaus.co.za/wp-content/uploads/2019/08/Cafe-Classic-Grey-Wash-1300-by-900mm.jpg,,,,,,,,,0,,,left,sidebar_4,0,1,sidebar_2,0,enabled,normal,disabled,light,#ffffff,25,#000000,50,normal,light,#ffffff,25,#000000,50,,,,,,,,,,
2154,simple,,,"Carving Lebar Grey Wash 1200 x 900mm",1,0,visible,"<h4>Carving Lebar Grey Wash 1200 x 900mm</h4>","Carving Lebar Grey Wash 1200 x 900mm",,,taxable,,1,,,0,0,,,,,1,,,,Mirrors,,,https://showerhaus.co.za/wp-content/uploads/2019/08/Carving-Lebar-Grey-Wash-1200-x-900mm.jpg,,,,,,,,,0,,,left,sidebar_4,0,1,sidebar_2,0,enabled,normal,disabled,light,#ffffff,25,#000000,50,normal,light,#ffffff,25,#000000,50,,,,,,,,,,
2156,simple,,,"Carving Lebar Silver 1200 by 900mm",1,0,visible,"<h4>Carving Lebar Silver 1200 by 900mm</h4>","Carving Lebar Silver 1200 by 900mm",,,taxable,,1,,,0,0,,,,,1,,,,Mirrors,,,https://showerhaus.co.za/wp-content/uploads/2019/08/Carving-Lebar-Silver-1200-by-900mm.jpg,,,,,,,,,0,,,left,sidebar_4,0,1,sidebar_2,0,enabled,normal,disabled,light,#ffffff,25,#000000,50,normal,light,#ffffff,25,#000000,50,,,,,,,,,,
2159,simple,,,"Colonial Classic Brown 650 by 800",1,0,visible,"<h4>Carving Lebar Silver 1200 by 900mm</h4>","Colonial Classic Brown 650 by 800",,,taxable,,1,,,0,0,,,,,1,,,,Mirrors,,,https://showerhaus.co.za/wp-content/uploads/2019/08/Colonial-Classic-Brown-650-by-800.jpg,,,,,,,,,0,,,left,sidebar_4,0,1,sidebar_2,0,enabled,normal,disabled,light,#ffffff,25,#000000,50,normal,light,#ffffff,25,#000000,50,,,,,,,,,,
2162,simple,,,"Colonial Classic Grey Wash 650 by 800mm",1,0,visible,"<h4>Colonial Classic Grey Wash 650 by 800mm</h4>","Colonial Classic Grey Wash 650 by 800mm",,,taxable,,1,,,0,0,,,,,1,,,,Mirrors,,,https://showerhaus.co.za/wp-content/uploads/2019/08/Colonial-Classic-Grey-Wash-650-by-800mm.jpg,,,,,,,,,0,,,left,sidebar_4,0,1,sidebar_2,0,enabled,normal,disabled,light,#ffffff,25,#000000,50,normal,light,#ffffff,25,#000000,50,,,,,,,,,,
2165,simple,,,"Colonial Classic Grey Wash 1200 by 900mm",1,0,visible,"<h4>Colonial Classic Grey Wash 1200 by 900mm</h4>","Colonial Classic Grey Wash 1200 by 900mm",,,taxable,,1,,,0,0,,,,,1,,,,Mirrors,,,https://showerhaus.co.za/wp-content/uploads/2019/08/Colonial-Classic-Grey-Wash-1200-by-900mm.jpg,,,,,,,,,0,,,left,sidebar_4,0,1,sidebar_2,0,enabled,normal,disabled,light,#ffffff,25,#000000,50,normal,light,#ffffff,25,#000000,50,,,,,,,,,,
2171,simple,,,"Edgecombe Black 1500 by 900mm",1,0,visible,"<h4>Edgecombe Black 1500 by 900mm</h4>","Edgecombe Black 1500 by 900mm",,,taxable,,1,,,0,0,,,,,1,,,,Mirrors,,,https://showerhaus.co.za/wp-content/uploads/2019/08/Edgecombe-Black-1500-by-900mm.jpg,,,,,,,,,0,,,left,sidebar_4,0,1,sidebar_2,0,enabled,normal,disabled,light,#ffffff,25,#000000,50,normal,light,#ffffff,25,#000000,50,,,,,,,,,,
2175,simple,,,"Edgecome Silver 1500 by 900mm",1,0,visible,"<h4>Edgecome Silver 1500 by 900mm</h4>","Edgecome Silver 1500 by 900mm",,,taxable,,1,,,0,0,,,,,1,,,,Mirrors,,,https://showerhaus.co.za/wp-content/uploads/2019/08/Edgecome-Silver-1500-by-900mm.jpg,,,,,,,,,0,,,left,sidebar_4,0,1,sidebar_2,0,enabled,normal,disabled,light,#ffffff,25,#000000,50,normal,light,#ffffff,25,#000000,50,,,,,,,,,,
2177,simple,,,"Fun Mirror Black 800mm",1,0,visible,"<h4>Fun Mirror Black 800mm</h4>","Fun Mirror Black 800mm",,,taxable,,1,,,0,0,,,,,1,,,,Mirrors,,,https://showerhaus.co.za/wp-content/uploads/2019/08/Fun-Mirror-Black-800mm.jpg,,,,,,,,,0,,,left,sidebar_4,0,1,sidebar_2,0,enabled,normal,disabled,light,#ffffff,25,#000000,50,normal,light,#ffffff,25,#000000,50,,,,,,,,,,
2180,simple,,,"German Carving Gold 1700 by 700mm",1,0,visible,"<h4>German Carving Gold 1700 by 700mm</h4>","German Carving Gold 1700 by 700mm",,,taxable,,1,,,0,0,,,,,1,,,,Mirrors,,,https://showerhaus.co.za/wp-content/uploads/2019/08/German-Carving-Gold-1700-by-700mm.jpg,,,,,,,,,0,,,left,sidebar_4,0,1,sidebar_2,0,enabled,normal,disabled,light,#ffffff,25,#000000,50,normal,light,#ffffff,25,#000000,50,,,,,,,,,,
2182,simple,,,"Jute Mirror Natural 900mm",1,0,visible,"<h4>Jute Mirror Natural 900mm</h4>","Jute Mirror Natural 900mm",,,taxable,,1,,,0,0,,,,,1,,,,Mirrors,,,https://showerhaus.co.za/wp-content/uploads/2019/08/Jute-Mirror-Natural-900mm.jpg,,,,,,,,,0,,,left,sidebar_4,0,1,sidebar_2,0,enabled,normal,disabled,light,#ffffff,25,#000000,50,normal,light,#ffffff,25,#000000,50,,,,,,,,,,
2185,simple,,,"Mexico Wind Black 1200mm",1,0,visible,"<h4>Mexico Wind Black 1200mm</h4>","Mexico Wind Black 1200mm",,,taxable,,1,,,0,0,,,,,1,,,,Mirrors,,,https://showerhaus.co.za/wp-content/uploads/2019/08/Mexico-Wind-Black-1200mm.jpg,,,,,,,,,0,,,left,sidebar_4,0,1,sidebar_2,0,enabled,normal,disabled,light,#ffffff,25,#000000,50,normal,light,#ffffff,25,#000000,50,,,,,,,,,,
2188,simple,,,"Mexico Wind Gold 1200mm",1,0,visible,"<h4>Mexico Wind Gold 1200mm</h4>","Mexico Wind Gold 1200mm",,,taxable,,1,,,0,0,,,,,1,,,,Mirrors,,,https://showerhaus.co.za/wp-content/uploads/2019/08/Mexico-Wind-Gold-1200mm.jpg,,,,,,,,,0,,,left,sidebar_4,0,1,sidebar_2,0,enabled,normal,disabled,light,#ffffff,25,#000000,50,normal,light,#ffffff,25,#000000,50,,,,,,,,,,
2190,simple,,,"Mexico Wind White 1200mm",1,0,visible,"<h4>Mexico Wind White 1200mm</h4>","Mexico Wind White 1200mm",,,taxable,,1,,,0,0,,,,,1,,,,Mirrors,,,https://showerhaus.co.za/wp-content/uploads/2019/08/Mexico-Wind-White-1200mm.jpg,,,,,,,,,0,,,left,sidebar_4,0,1,sidebar_2,0,enabled,normal,disabled,light,#ffffff,25,#000000,50,normal,light,#ffffff,25,#000000,50,,,,,,,,,,
2191,simple,,,"Renaissance Gold 1400 by 1800mm",1,0,visible,"<h4>Renaissance Gold 1400 by 1800mm</h4>","Renaissance Gold 1400 by 1800mm",,,taxable,,1,,,0,0,,,,,1,,,,Mirrors,,,https://showerhaus.co.za/wp-content/uploads/2019/08/Renaissance-Gold-1400-by-1800mm.jpg,,,,,,,,,0,,,left,sidebar_4,0,1,sidebar_2,0,enabled,normal,disabled,light,#ffffff,25,#000000,50,normal,light,#ffffff,25,#000000,50,,,,,,,,,,
2194,simple,,,"Renaissance Grey Wash 1400 x 1800mm",1,0,visible,"<h4>Renaissance Grey Wash 1400 x 1800mm</h4>","Renaissance Grey Wash 1400 x 1800mm",,,taxable,,1,,,0,0,,,,,1,,,,Mirrors,,,https://showerhaus.co.za/wp-content/uploads/2019/08/Renaissance-Grey-Wash-1400-x-1800mm.jpg,,,,,,,,,0,,,left,sidebar_4,0,1,sidebar_2,0,enabled,normal,disabled,light,#ffffff,25,#000000,50,normal,light,#ffffff,25,#000000,50,,,,,,,,,,
2196,simple,,,"Round Marble Black 1200mm",1,0,visible,"<h4>Round Marble Black 1200mm</h4>","Round Marble Black 1200mm",,,taxable,,1,,,0,0,,,,,1,,,,Mirrors,,,https://showerhaus.co.za/wp-content/uploads/2019/08/Round-Marble-Black-1200mm.jpg,,,,,,,,,0,,,left,sidebar_4,0,1,sidebar_2,0,enabled,normal,disabled,light,#ffffff,25,#000000,50,normal,light,#ffffff,25,#000000,50,,,,,,,,,,
2198,simple,,,"Round Marble Gold 800mm",1,0,visible,"<h4>Round Marble Gold 800mm</h4>","Round Marble Gold 800mm",,,taxable,,1,,,0,0,,,,,1,,,,Mirrors,,,https://showerhaus.co.za/wp-content/uploads/2019/08/Round-Marble-Gold-800mm.jpg,,,,,,,,,0,,,left,sidebar_4,0,1,sidebar_2,0,enabled,normal,disabled,light,#ffffff,25,#000000,50,normal,light,#ffffff,25,#000000,50,,,,,,,,,,
2201,simple,,,"Round Marble Gold 1200mm",1,0,visible,"<h4>Round Marble Gold 1200mm</h4>","Round Marble Gold 1200mm",,,taxable,,1,,,0,0,,,,,1,,,,Mirrors,,,https://showerhaus.co.za/wp-content/uploads/2019/08/Round-Marble-Gold-1200mm.jpg,,,,,,,,,0,,,left,sidebar_4,0,1,sidebar_2,0,enabled,normal,disabled,light,#ffffff,25,#000000,50,normal,light,#ffffff,25,#000000,50,,,,,,,,,,
2204,simple,,,"Shagreen Mirror Beige Rectangle 900 x 700mm",1,0,visible,"<h4>Shagreen Mirror Beige Rectangle 900 x 700mm</h4>","Shagreen Mirror Beige Rectangle 900 x 700mm",,,taxable,,1,,,0,0,,,,,1,,,,Mirrors,,,https://showerhaus.co.za/wp-content/uploads/2019/08/Shagreen-Mirror-Beige-Rectangle-900-x-700mm.jpg,,,,,,,,,0,,,left,sidebar_4,0,1,sidebar_2,0,enabled,normal,disabled,light,#ffffff,25,#000000,50,normal,light,#ffffff,25,#000000,50,,,default,,,,,,,
2208,simple,,,"Shagreen Mirror Brown Rectangle 900 x 700mm",1,0,visible,"<h4>Shagreen Mirror Brown Rectangle 900 x 700mm</h4>","Shagreen Mirror Brown Rectangle 900 x 700mm",,,taxable,,1,,,0,0,,,,,1,,,,Mirrors,,,https://showerhaus.co.za/wp-content/uploads/2019/08/Shagreen-Mirror-Brown-Rectangle-900-x-700mm.jpg,,,,,,,,,0,,,left,sidebar_4,0,1,sidebar_2,0,enabled,normal,disabled,light,#ffffff,25,#000000,50,normal,light,#ffffff,25,#000000,50,,,,,,,,,,
2210,simple,,,"Shagreen Mirror Grey Rectangle 900 by 700",1,0,visible,"<h4>Shagreen Mirror Grey Rectangle 900 by 700</h4>","Shagreen Mirror Grey Rectangle 900 by 700",,,taxable,,1,,,0,0,,,,,1,,,,Mirrors,,,https://showerhaus.co.za/wp-content/uploads/2019/08/Shagreen-Mirror-Grey-Rectangle-900-by-700.jpg,,,,,,,,,0,,,left,sidebar_4,0,1,sidebar_2,0,enabled,normal,disabled,light,#ffffff,25,#000000,50,normal,light,#ffffff,25,#000000,50,,,,,,,,,,
2212,simple,,,"St Catalina Gold 1800 x 1400mm",1,0,visible,"<h4>St Catalina Gold 1800 x 1400mm</h4>","St Catalina Gold 1800 x 1400mm",,,taxable,,1,,,0,0,,,,,1,,,,Mirrors,,,https://showerhaus.co.za/wp-content/uploads/2019/08/St-Catalina-Gold-1800-x-1400mm.jpg,,,,,,,,,0,,,left,sidebar_4,0,1,sidebar_2,0,enabled,normal,disabled,light,#ffffff,25,#000000,50,normal,light,#ffffff,25,#000000,50,,,,,,,,,,
2215,simple,,,"St Catalina Gold 2000 x 900mm",1,0,visible,"<h4>St Catalina Gold 2000 x 900mm</h4>","St Catalina Gold 2000 x 900mm",,,taxable,,1,,,0,0,,,,,1,,,,Mirrors,,,https://showerhaus.co.za/wp-content/uploads/2019/08/St-Catalina-Gold-2000-x-900mm.jpg,,,,,,,,,0,,,left,sidebar_4,0,1,sidebar_2,0,enabled,normal,disabled,light,#ffffff,25,#000000,50,normal,light,#ffffff,25,#000000,50,,,,,,,,,,
2232,simple,,,"Be 1750  1850 – Aluminium White Or Grey Sliding",1,0,visible,"<h4>Be 1750 / 1850 – Aluminium White Or Grey Sliding</h4>\n\nAvailable in the following size :-\n\n1750mm x 1400mm Aluminium white or grey sliding full bath enclosure between two walls\n1850mm x 1400mm Aluminium white or grey sliding full bath enclosure between two walls\n\nReturn Panel available should it be required.\n","<h4>Be 1750 / 1850 – Aluminium White Or Grey Sliding</h4>\n\nAvailable in the following size :-\n\n1750mm x 1400mm Aluminium white or grey sliding full bath enclosure between two walls\n1850mm x 1400mm Aluminium white or grey sliding full bath enclosure between two walls\n\nReturn Panel available should it be required.\n",,,taxable,,1,,,0,0,,,,,1,,,,"Bath Enclosures",,,https://showerhaus.co.za/wp-content/uploads/2019/08/Untitled-1.jpg,,,,,,,,,0,,,left,sidebar_4,0,1,sidebar_2,0,enabled,normal,disabled,light,#ffffff,25,#000000,50,normal,light,#ffffff,25,#000000,50,,,,,,,,,,
2236,simple,,,"Frameless Custom Made Hinged Bath Screen",1,0,visible,"<h4>Frameless Custom Made Hinged Bath Screen</h4>\n\nThis picture reflects a 330mm Fixed Panel with 700mm Hinged Door with Stabilizing Shelf but we can manufacture this custom made bath screen to any size you require\n","<h4>Frameless Custom Made Hinged Bath Screen</h4>\n\nThis picture reflects a 330mm Fixed Panel with 700mm Hinged Door with Stabilizing Shelf but we can manufacture this custom made bath screen to any size you require\n",,,taxable,,1,,,0,0,,,,,1,,,,"Bath Enclosures",,,https://showerhaus.co.za/wp-content/uploads/2019/08/Custom-Made-Hinged-Double-Bath-Screen.jpg,,,,,,,,,0,,,left,sidebar_4,0,1,sidebar_2,0,enabled,normal,disabled,light,#ffffff,25,#000000,50,normal,light,#ffffff,25,#000000,50,,,,,,,,,,
2239,simple,,,"Single Hinged Bath Screen FA657 – 900",1,0,visible,"<h4>Single Hinged Bath Screen FA657 – 900</h4>\n<h4>1400mm high 150mm radius - 6mm TSG with polished aluminium compensation channel.</h4>",,,,taxable,,1,,,0,0,,,,,1,,,,"Bath Enclosures",,,https://showerhaus.co.za/wp-content/uploads/2019/08/1.jpg,,,,,,,,,0,,,left,sidebar_4,0,1,sidebar_2,0,enabled,normal,disabled,light,#ffffff,25,#000000,50,normal,light,#ffffff,25,#000000,50,,,default,,,,,,,
2242,simple,,,"Single Inline Bath Screen FA658 – 1200",1,0,visible,"<h4>Single Inline Bath Screen FA658</h4>\n<ul>\n 	<li>1400mm high x 1200mm wide, including a 580mm inline panel with a 620mm moving panel with a 150mm radius.</li>\n 	<li>6mm TSG with polished aluminium compensation channel stabilising arm.</li>\n</ul>","<h4>FA658 - Single Hinged In-Line Bath Screen</h4>\n1200mm wide x 1400mm High\n820mm Hinged Screen with In-Line Panel\nClear Glass",,,taxable,,1,,,0,0,,,,,1,,,,"Bath Enclosures",,,https://showerhaus.co.za/wp-content/uploads/2019/08/FA658-SM.jpg,,,,,,,,,0,,,left,sidebar_4,0,1,sidebar_2,0,enabled,normal,disabled,light,#ffffff,25,#000000,50,normal,light,#ffffff,25,#000000,50,,,default,,,,,,,
2245,simple,,,"Triple Bath Screen",1,0,visible,"<h4>Triple Bath Screen </h4>\n\n1300mm Wide x 1300mm High Triple Folding Bath Screen\n\n\n","<h4>Triple Bath Screen </h4>\n\n1300mm Wide x 1300mm High Triple Folding Bath Screen\n\n",,,taxable,,1,,,0,0,,,,,1,,,,"Bath Enclosures",,,https://showerhaus.co.za/wp-content/uploads/2019/08/Triple-Bath-Screen-.jpg,,,,,,,,,0,,,left,sidebar_4,0,1,sidebar_2,0,enabled,normal,disabled,light,#ffffff,25,#000000,50,normal,light,#ffffff,25,#000000,50,,,,,,,,,,
2262,simple,,,"Black Framed Screen with Stabilizing Arm",1,0,visible,"<h4>Black Framed Screen with Stabilizing Arm</h4>\n\n\n\n","<h4>Black Framed Screen with Stabilizing Arm</h4>\n\n\n",,,taxable,,1,,,0,0,,,,,1,,,,"Framed Shower Enclosures",,,https://showerhaus.co.za/wp-content/uploads/2019/08/Black-Framed-Screen-with-Stabilizing-Arm.jpg,,,,,,,,,0,,,left,sidebar_4,0,1,sidebar_2,0,enabled,normal,disabled,light,#ffffff,25,#000000,50,normal,light,#ffffff,25,#000000,50,,,,,,,,,,
2264,simple,,,"Black Framed Shower Screen",1,0,visible,"<h4>Black Framed Shower Screen</h4>\n\n\n\n","<h4>Black Framed Shower Screen</h4>\n\n\n",,,taxable,,1,,,0,0,,,,,1,,,,"Framed Shower Enclosures",,,https://showerhaus.co.za/wp-content/uploads/2019/08/Black-framed-shower-screen.jpg,,,,,,,,,0,,,left,sidebar_4,0,1,sidebar_2,0,enabled,normal,disabled,light,#ffffff,25,#000000,50,normal,light,#ffffff,25,#000000,50,,,,,,,,,,
2268,simple,,,"Black Framed Walk in Shower Screen with Return Panel",1,0,visible,"<h4>Black Framed Walk in Shower Screen with Return Panel</h4>\n\n\n\n","<h4>Black Framed Walk in Shower Screen with Return Panel</h4>\n\n\n",,,taxable,,1,,,0,0,,,,,1,,,,"Framed Shower Enclosures",,,https://showerhaus.co.za/wp-content/uploads/2019/08/Black-Framed-Walk-in-Shower-Screen-with-Return-Panel.jpg,,,,,,,,,0,,,left,sidebar_4,0,1,sidebar_2,0,enabled,normal,disabled,light,#ffffff,25,#000000,50,normal,light,#ffffff,25,#000000,50,,,,,,,,,,
2270,simple,,,"Framed Pivot Door & Return Panel",1,0,visible,"<h4>Framed Pivot Door & Return Panel</h4>\n\n\n\n","<h4>Framed Pivot Door & Return Panel</h4>\n\n\n",,,taxable,,1,,,0,0,,,,,1,,,,"Framed Shower Enclosures",,,https://showerhaus.co.za/wp-content/uploads/2019/08/Framed-Bi-Slider-1.jpg,,,,,,,,,0,,,left,sidebar_4,0,1,sidebar_2,0,enabled,normal,disabled,light,#ffffff,25,#000000,50,normal,light,#ffffff,25,#000000,50,,,,,,,,,,
2273,simple,,,"Framed Pentagonal Enclosure",1,0,visible,"<h4>Framed Pentagonal Enclosure</h4>\n\n\n\n","<h4>Framed Pentagonal Enclosure</h4>\n\n\n",,,taxable,,1,,,0,0,,,,,1,,,,"Framed Shower Enclosures",,,https://showerhaus.co.za/wp-content/uploads/2019/08/Framed-Pentagonal-Enclosure.jpg,,,,,,,,,0,,,left,sidebar_4,0,1,sidebar_2,0,enabled,normal,disabled,light,#ffffff,25,#000000,50,normal,light,#ffffff,25,#000000,50,,,,,,,,,,
2274,simple,,,"Framed Corner Entry",1,0,visible,"<h4>Framed Corner Entry</h4>\n\n\n\n","<h4>Framed Corner Entry</h4>\n\n\n",,,taxable,,1,,,0,0,,,,,1,,,,"Framed Shower Enclosures",,,https://showerhaus.co.za/wp-content/uploads/2019/08/Framed-Corner-Entry-1.jpg,,,,,,,,,0,,,left,sidebar_4,0,1,sidebar_2,0,enabled,normal,disabled,light,#ffffff,25,#000000,50,normal,light,#ffffff,25,#000000,50,,,,,,,,,,
2276,simple,,,"Framed-Tri-Door One Fixed Panel & 2 Sliding Panels",1,0,visible,"<h4>Framed-Tri-Door One Fixed Panel & 2 Sliding Panels</h4>\n\n\n\n","<h4>Framed-Tri-Door One Fixed Panel & 2 Sliding Panels</h4>\n\n\n",,,taxable,,1,,,0,0,,,,,1,,,,"Framed Shower Enclosures",,,https://showerhaus.co.za/wp-content/uploads/2019/08/Framed-Tri-Door-One-fixed-panel-2-sliding-panels.jpg,,,,,,,,,0,,,left,sidebar_4,0,1,sidebar_2,0,enabled,normal,disabled,light,#ffffff,25,#000000,50,normal,light,#ffffff,25,#000000,50,,,,,,,,,,
2277,simple,,,"Framed Return Panel Available with Any Pivot or Tri-Door",1,0,visible,"<h4>Framed Return Panel Available with Any Pivot or Tri-Door</h4>\n\n\n\n","<h4>Framed Return Panel Available with Any Pivot or Tri-Door</h4>\n\n\n",,,taxable,,1,,,0,0,,,,,1,,,,"Framed Shower Enclosures",,,https://showerhaus.co.za/wp-content/uploads/2019/08/Framed-Return-Panel-Available-with-Any-Pivot-or-Tri-Door.jpg,,,,,,,,,0,,,left,sidebar_4,0,1,sidebar_2,0,enabled,normal,disabled,light,#ffffff,25,#000000,50,normal,light,#ffffff,25,#000000,50,,,,,,,,,,
2282,simple,,,"A511 - Round Sliding",1,0,visible,"<h4>A511 - Round Sliding</h4>\n\nAvailable ex-stock in the following two standard sizes :-\n\n900mm\n890mm x 890mm x 1850mm High \nFits on a 900mm x 900mm Tray / Shower Plinth\n\n1000mm\n990mm x 990mm x 1850mm High\nFits on a 1000mm x 1000mm Tray / Shower Plinth\n\nThis product can also be custom made up to a maximum size of 1200mm x 1200mm x 1850mm High\n\n\n\n\n","<h4>A511 - Round Sliding</h4>\n\nAvailable ex-stock in the following two standard sizes :-\n\n900mm\n890mm x 890mm x 1850mm High \nFits on a 900mm x 900mm Tray / Shower Plinth\n\n1000mm\n990mm x 990mm x 1850mm High\nFits on a 1000mm x 1000mm Tray / Shower Plinth\n\nThis product can also be custom made up to a maximum size of 1200mm x 1200mm x 1850mm High\n\n\n\n",,,taxable,,1,,,0,0,,,,,1,,,,"Semi-Frameless Showers",,,https://showerhaus.co.za/wp-content/uploads/2019/08/A511-Round-Sliding-Corner-Entry.jpg,,,,,,,,,0,,default,left,sidebar_4,0,1,sidebar_2,0,enabled,normal,disabled,light,#ffffff,25,#000000,50,normal,light,#ffffff,25,#000000,50,,,,,,,,,,
2285,simple,,,"A513 Square Sliding Corner Entry",1,0,visible,"<h4>A513 Square Sliding Corner Entry</h4>\n\nAvailable ex-stock in the following two standard sizes :-\n\n900mm\n890mm x 890mm x 1850mm High \nFits on a 900mm x 900mm Tray / Shower Plinth\n\n1000mm\n990mm x 990mm x 1850mm High\nFits on a 1000mm x 1000mm Tray / Shower Plinth\n\nThis product can also be custom made up to a maximum size of 1500mm x 1500mm x 1850mm High\n\n\n\n\n","<h4>A513 Square Sliding Corner Entry</h4>\n\nAvailable ex-stock in the following two standard sizes :-\n\n900mm\n890mm x 890mm x 1850mm High \nFits on a 900mm x 900mm Tray / Shower Plinth\n\n1000mm\n990mm x 990mm x 1850mm High\nFits on a 1000mm x 1000mm Tray / Shower Plinth\n\nThis product can also be custom made up to a maximum size of 1500mm x 1500mm x 1850mm High\n\n\n\n\n",,,taxable,,1,,,0,0,,,,,1,,,,"Semi-Frameless Showers",,,https://showerhaus.co.za/wp-content/uploads/2019/08/A513-Square-Sliding-Corner-Entry.jpg,,,,,,,,,0,,,left,sidebar_4,0,1,sidebar_2,0,enabled,normal,disabled,light,#ffffff,25,#000000,50,normal,light,#ffffff,25,#000000,50,,,,,,,,,,
2288,simple,,,"FA512 – One Sliding Panel & One Fixed Panel",1,0,visible,"<h4>FA512 – One Sliding Panel & One Fixed Panel</h4>\n\nAvailable ex-stock in the following three standard sizes :-\n\n1200mm\nAdjustable between 1185 - 1215mm x 1850mm High\n\n1300mm\nAdjustable between 1285 - 1315mm x 1850mm High\n\n1400mm\nAdjustable between 1385 - 1415mm x 1850mm High\n\nThis product can also be custom made up to a maximum width of 1750mm Wide x 1850mm High\n\nShould it be required a return panel is available for this product \n","<h4>FA512 – One Sliding Panel & One Fixed Panel</h4>\n\nAvailable ex-stock in the following three standard sizes :-\n\n1200mm\nAdjustable between 1185 - 1215mm x 1850mm High\n\n1300mm\nAdjustable between 1285 - 1315mm x 1850mm High\n\n1400mm\nAdjustable between 1385 - 1415mm x 1850mm High\n\nThis product can also be custom made up to a maximum width of 1750mm Wide x 1850mm High\n\nShould it be required a return panel is available for this product \n",,,taxable,,1,,,0,0,,,,,1,,,,"Semi-Frameless Showers",,,https://showerhaus.co.za/wp-content/uploads/2019/08/A516-–-Pivot-Door-Return-Panel.jpg,,,,,,,,,0,,default,left,sidebar_4,0,1,sidebar_2,0,enabled,normal,disabled,light,#ffffff,25,#000000,50,normal,light,#ffffff,25,#000000,50,,,,,,,,,,
2291,simple,,,"A516 Semi Frameless Pivot Door & Return Panel",1,0,visible,"<h4>A516 Semi Frameless Pivot Door & Return Panel</h4>\n\nAvailable ex-stock in the following two standard sizes :-\n\n900mm\nAdjustable between 890 - 900mm x 1850mm High\n\n1000mm\nAdjustable between 990mm - 1000mm x 1850mm High\n\nCan be custom made from 800mm - 1000mm x 1850 high\n\n","<h4>A516 Semi Frameless Pivot Door & Return Panel</h4>\n\nAvailable ex-stock in the following two standard sizes :-\n\n900mm\nAdjustable between 890 - 900mm x 1850mm High\n\n1000mm\nAdjustable between 990mm - 1000mm x 1850mm High\n\nCan be custom made from 800mm - 1000mm x 1850 high\n\n",,,taxable,,1,,,0,0,,,,,1,,,,"Semi-Frameless Showers",,,https://showerhaus.co.za/wp-content/uploads/2019/08/A516-Semi-Frameless-Pivot-Door-Return-Panel.jpg,,,,,,,,,0,,,left,sidebar_4,0,1,sidebar_2,0,enabled,normal,disabled,light,#ffffff,25,#000000,50,normal,light,#ffffff,25,#000000,50,,,default,,,,,,,
2293,simple,,,"FA516 – Semi Frameless Pivot Door",1,0,visible,"<h4>FA516 – Semi Frameless Pivot Door</h4>\n\nAvailable ex-stock in the following three standard sizes :-\n\n800mm\nAdjustable between 790 - 805mm x 1850mm High\n\n900mm\nAdjustable between 890 - 905mm x 1850mm High\n\n1000mm\nAdjustable between 990 - 1005mm x 1850mm High\n","<h4>FA516 – Semi Frameless Pivot Door</h4>\n\nAvailable ex-stock in the following three standard sizes :-\n\n800mm\nAdjustable between 785 - 815mm x 1850mm High\n\n900mm\nAdjustable between 885 - 915mm x 1850mm High\n\n1000mm\nAdjustable between 985 - 1015mm x 1850mm High\n\n",,,taxable,,1,,,0,0,,,,,1,,,,"Semi-Frameless Showers",,,https://showerhaus.co.za/wp-content/uploads/2019/08/FA5-Semi-Frameless-Return-Panel.jpg,,,,,,,,,0,,,left,sidebar_4,0,1,sidebar_2,0,enabled,normal,disabled,light,#ffffff,25,#000000,50,normal,light,#ffffff,25,#000000,50,,,default,,,,,,,
2296,simple,,,"FA1021 Semi Frameless Screen with Support Bar",1,0,visible,"<h4>FA1021 Semi Frameless Screen with Support Bar</h4>\n\nAvailable ex-stock in the following two sizes\n \n1100mm wide x 1900mm high\n1200mm wide x 2000mm high","<h4>FA1021 Semi Frameless Screen with Support Bar</h4>\n\nAvailable ex-stock in the following two sizes\n \n1100mm wide x 1900mm high\n1200mm wide x 2000mm high\n",,,taxable,,1,,,0,0,,,,,1,,,,"Semi-Frameless Showers",,,https://showerhaus.co.za/wp-content/uploads/2019/08/FA1021-Semi-Frameless-Screen-with-Support-Bar-1.jpg,,,,,,,,,0,,default,left,sidebar_4,0,1,sidebar_2,0,enabled,normal,disabled,light,#ffffff,25,#000000,50,normal,light,#ffffff,25,#000000,50,,,,,,,,,,
2300,simple,,,"ST153 Bi-Fold",1,0,visible,"<h4>ST153 Bi-Fold</h4>\nAvailable in the following standard sizes :-\n\n1000mm\nAdjustable between 980 - 1020mm x 1850mm High","<h4>ST153 Bi-Fold</h4>\nAvailable in the following standard sizes :-\n\n1000mm\nAdjustable between 980 - 1020mm x 1850mm High",,,taxable,,1,,,0,0,,,,,1,,,,"Semi-Frameless Showers",,,https://showerhaus.co.za/wp-content/uploads/2019/08/ST153-Bi-Fold.jpg,,,,,,,,,0,,,left,sidebar_4,0,1,sidebar_2,0,enabled,normal,disabled,light,#ffffff,25,#000000,50,normal,light,#ffffff,25,#000000,50,,,default,,,,,,,
2321,simple,,,"Glass Mounted Toilet Roll Holder",1,0,visible,"<h4>Glass Mounted Toilet Roll Holder</h4>\n","<h4>Glass Mounted Toilet Roll Holder</h4>\n",,,taxable,,1,,,0,0,,,,,1,,,,"Shower Spares",,,https://showerhaus.co.za/wp-content/uploads/2019/08/Glass-Mounted-Toilet-Roll-Holder.jpg,,,,,,,,,0,,,left,sidebar_4,0,1,sidebar_2,0,enabled,normal,disabled,light,#ffffff,25,#000000,50,normal,light,#ffffff,25,#000000,50,,,,,,,,,,
2325,simple,,,"Silhouette Sliding Shower Mechanism",1,0,visible,"<h4>Silhouette Sliding Shower Mechanism</h4>\n","<h4>Silhouette Sliding Shower Mechanism</h4>\n",,,taxable,,1,,,0,0,,,,,1,,,,"Shower Spares",,,https://showerhaus.co.za/wp-content/uploads/2019/08/Silhouette-Sliding-shower-mechanism.jpg,,,,,,,,,0,,,left,sidebar_4,0,1,sidebar_2,0,enabled,normal,disabled,light,#ffffff,25,#000000,50,normal,light,#ffffff,25,#000000,50,,,,,,,,,,
2326,simple,,,Spares,1,0,visible,"<h4>Spares</h4>\n","<h4>Spares</h4>\n",,,taxable,,1,,,0,0,,,,,1,,,,"Shower Spares",,,https://showerhaus.co.za/wp-content/uploads/2019/08/Spares.jpg,,,,,,,,,0,,,left,sidebar_4,0,1,sidebar_2,0,enabled,normal,disabled,light,#ffffff,25,#000000,50,normal,light,#ffffff,25,#000000,50,,,,,,,,,,
2330,simple,,,"Typical Shelf Pic",1,0,visible,"<h4>Typical Shelf Pic</h4>\n","<h4>Typical Shelf Pic</h4>\n",,,taxable,,1,,,0,0,,,,,1,,,,"Shower Spares",,,https://showerhaus.co.za/wp-content/uploads/2019/08/Typical-shelf-pic.jpg,,,,,,,,,0,,,left,sidebar_4,0,1,sidebar_2,0,enabled,normal,disabled,light,#ffffff,25,#000000,50,normal,light,#ffffff,25,#000000,50,,,,,,,,,,
2332,simple,,,"Towel Rail with Backing Knob",1,0,visible,"<h4>457mm Towel Rail With Backing Knob</h4>","<h4>457mm Towel Rail With Backing Knob</h4>",,,taxable,,1,,,0,0,,,,,1,,,,"Shower Spares > Handles & Towel Rails, Shower Spares",,,https://showerhaus.co.za/wp-content/uploads/2019/08/Towel-Rail-with-Backing-Knob-sm.jpg,,,,,,,,,0,,,left,sidebar_4,0,1,sidebar_2,0,enabled,normal,disabled,light,#ffffff,25,#000000,50,normal,light,#ffffff,25,#000000,50,,,,,,,,,,
2334,simple,,,"Back to Back Knob Small",1,0,visible,"<h4>Back to Back Knob Small</h4>\n","<h4>Back to Back Knob Small</h4>\n",,,taxable,,1,,,0,0,,,,,1,,,,"Shower Spares > Handles & Towel Rails, Shower Spares",,,https://showerhaus.co.za/wp-content/uploads/2019/08/Back-to-Back-knob-small.jpg,,,,,,,,,0,,,left,sidebar_4,0,1,sidebar_2,0,enabled,normal,disabled,light,#ffffff,25,#000000,50,normal,light,#ffffff,25,#000000,50,,,,,,,,,,
2337,simple,,,"F404 500mm Handle",1,0,visible,"<h4>F404 500mm Handle</h4>\n","<h4>F404 500mm Handle</h4>\n",,,taxable,,1,,,0,0,,,,,1,,,,"Shower Spares > Handles & Towel Rails, Shower Spares",,,https://showerhaus.co.za/wp-content/uploads/2019/08/F404-500mm-handle.jpg,,,,,,,,,0,,,left,sidebar_4,0,1,sidebar_2,0,enabled,normal,disabled,light,#ffffff,25,#000000,50,normal,light,#ffffff,25,#000000,50,,,,,,,,,,
2339,simple,,,"Hinges and Clamps",1,0,visible,"<h4>Hinges and Clamps</h4>\n","<h4>Hinges and Clamps</h4>\n",,,taxable,,1,,,0,0,,,,,1,,,,"Shower Spares > Hinges and Clamps, Shower Spares",,,https://showerhaus.co.za/wp-content/uploads/2019/08/Handles.jpg,,,,,,,,,0,,,left,sidebar_4,0,1,sidebar_2,0,enabled,normal,disabled,light,#ffffff,25,#000000,50,normal,light,#ffffff,25,#000000,50,,,,,,,,,,
2341,simple,,,"Bevelled 90 Degree Wall Mount Hinge Half Plate 2",1,0,visible,"<h4>Bevelled 90 Degree Wall Mount Hinge Half Plate 2</h4>\n","<h4>Bevelled 90 Degree Wall Mount Hinge Half Plate 2</h4>\n",,,taxable,,1,,,0,0,,,,,1,,,,"Shower Spares > Hinges and Clamps, Shower Spares",,,https://showerhaus.co.za/wp-content/uploads/2019/08/Bevelled-90-degree-wall-mount-hinge-Half-plate-2.jpg,,,,,,,,,0,,,left,sidebar_4,0,1,sidebar_2,0,enabled,normal,disabled,light,#ffffff,25,#000000,50,normal,light,#ffffff,25,#000000,50,,,,,,,,,,
2344,simple,,,"Bevelled 90 Degree Wall Mount Hinge Half Plate",1,0,visible,"<h4>Bevelled 90 Degree Wall Mount Hinge Half Plate</h4>\n","<h4>Bevelled 90 Degree Wall Mount Hinge Half Plate</h4>\n",,,taxable,,1,,,0,0,,,,,1,,,,"Shower Spares > Hinges and Clamps, Shower Spares",,,https://showerhaus.co.za/wp-content/uploads/2019/08/Bevelled-90-degree-wall-mount-hinge-Half-plate.jpg,,,,,,,,,0,,,left,sidebar_4,0,1,sidebar_2,0,enabled,normal,disabled,light,#ffffff,25,#000000,50,normal,light,#ffffff,25,#000000,50,,,,,,,,,,
2347,simple,,,"Black Hinge",1,0,visible,"<h4>Black Hinge</h4>\n","<h4>Black Hinge</h4>\n",,,taxable,,1,,,0,0,,,,,1,,,,"Shower Spares > Hinges and Clamps, Shower Spares",,,https://showerhaus.co.za/wp-content/uploads/2019/08/Black-Hinge.jpg,,,,,,,,,0,,,left,sidebar_4,0,1,sidebar_2,0,enabled,normal,disabled,light,#ffffff,25,#000000,50,normal,light,#ffffff,25,#000000,50,,,,,,,,,,
2349,simple,,,"Dome Type 90 Degree Wall Mount Hinge Half Plate 2",1,0,visible,"<h4>Dome Type 90 Degree Wall Mount Hinge Half Plate 2</h4>\n","<h4>Dome Type 90 Degree Wall Mount Hinge Half Plate 2</h4>\n",,,taxable,,1,,,0,0,,,,,1,,,,"Shower Spares > Hinges and Clamps, Shower Spares",,,https://showerhaus.co.za/wp-content/uploads/2019/08/Dome-Type-90-degree-wall-mount-hinge-Half-plate-2.jpg,,,,,,,,,0,,,left,sidebar_4,0,1,sidebar_2,0,enabled,normal,disabled,light,#ffffff,25,#000000,50,normal,light,#ffffff,25,#000000,50,,,,,,,,,,
2351,simple,,,"Dome Type 90 Degree Wall Mount Hinge Half Plate",1,0,visible,"<h4>Dome Type 90 Degree Wall Mount Hinge Half Plate</h4>\n","<h4>Dome Type 90 Degree Wall Mount Hinge Half Plate</h4>\n",,,taxable,,1,,,0,0,,,,,1,,,,"Shower Spares > Hinges and Clamps, Shower Spares",,,https://showerhaus.co.za/wp-content/uploads/2019/08/Dome-type-90-degree-wall-mount-hinge-Half-plate.jpg,,,,,,,,,0,,,left,sidebar_4,0,1,sidebar_2,0,enabled,normal,disabled,light,#ffffff,25,#000000,50,normal,light,#ffffff,25,#000000,50,,,,,,,,,,
2354,simple,,,"Dome Type L Clamp",1,0,visible,"<h4>Dome Type L Clamp</h4>\n","<h4>Dome Type L Clamp</h4>\n",,,taxable,,1,,,0,0,,,,,1,,,,"Shower Spares > Hinges and Clamps, Shower Spares",,,https://showerhaus.co.za/wp-content/uploads/2019/08/Dome-type-L-Clamp.jpg,,,,,,,,,0,,,left,sidebar_4,0,1,sidebar_2,0,enabled,normal,disabled,light,#ffffff,25,#000000,50,normal,light,#ffffff,25,#000000,50,,,,,,,,,,
2356,simple,,,"Bubble and 90",1,0,visible,"<h4>Bubble and 90</h4>\n","<h4>Bubble and 90</h4>\n",,,taxable,,1,,,0,0,,,,,1,,,,"Shower Spares > Shower Seals and Cill Plate, Shower Spares",,,https://showerhaus.co.za/wp-content/uploads/2019/08/Bubble-and-90.jpg,,,,,,,,,0,,,left,sidebar_4,0,1,sidebar_2,0,enabled,normal,disabled,light,#ffffff,25,#000000,50,normal,light,#ffffff,25,#000000,50,,,,,,,,,,
2358,simple,,,"Bubble Seal",1,0,visible,"<h4>Bubble Seal</h4>\n","<h4>Bubble Seal</h4>\n",,,taxable,,1,,,0,0,,,,,1,,,,"Shower Spares > Shower Seals and Cill Plate, Shower Spares",,,https://showerhaus.co.za/wp-content/uploads/2019/08/Bubble-Seal.jpg,,,,,,,,,0,,,left,sidebar_4,0,1,sidebar_2,0,enabled,normal,disabled,light,#ffffff,25,#000000,50,normal,light,#ffffff,25,#000000,50,,,,,,,,,,
2360,simple,,,"Door Knobs",1,0,visible,"<h4>Door Knobs</h4>\n","<h4>Door Knobs</h4>\n",,,taxable,,1,,,0,0,,,,,1,,,,"Shower Spares > Shower Seals and Cill Plate, Shower Spares",,,https://showerhaus.co.za/wp-content/uploads/2019/08/Door-Knobs.jpg,,,,,,,,,0,,,left,sidebar_4,0,1,sidebar_2,0,enabled,normal,disabled,light,#ffffff,25,#000000,50,normal,light,#ffffff,25,#000000,50,,,,,,,,,,
2362,simple,,,"Double Lip Seal",1,0,visible,"<h4>Double Lip Seal</h4>\n","<h4>Double Lip Seal</h4>\n",,,taxable,,1,,,0,0,,,,,1,,,,"Shower Spares > Shower Seals and Cill Plate, Shower Spares",,,https://showerhaus.co.za/wp-content/uploads/2019/08/Double-Lip-Seal.jpg,,,,,,,,,0,,,left,sidebar_4,0,1,sidebar_2,0,enabled,normal,disabled,light,#ffffff,25,#000000,50,normal,light,#ffffff,25,#000000,50,,,,,,,,,,
2363,simple,,,"Drip Seal",1,0,visible,"<h4>Drip Seal</h4>\n","<h4>Drip Seal</h4>\n",,,taxable,,1,,,0,0,,,,,1,,,,"Shower Spares > Shower Seals and Cill Plate, Shower Spares",,,https://showerhaus.co.za/wp-content/uploads/2019/08/Drip-Seal.jpg,,,,,,,,,0,,,left,sidebar_4,0,1,sidebar_2,0,enabled,normal,disabled,light,#ffffff,25,#000000,50,normal,light,#ffffff,25,#000000,50,,,,,,,,,,
2364,simple,,,"Soft Seal",1,0,visible,"<h4>Soft Seal</h4>\n","<h4>Soft Seal</h4>\n",,,taxable,,1,,,0,0,,,,,1,,,,"Shower Spares > Shower Seals and Cill Plate, Shower Spares",,,https://showerhaus.co.za/wp-content/uploads/2019/08/Soft-Seal.jpg,,,,,,,,,0,,,left,sidebar_4,0,1,sidebar_2,0,enabled,normal,disabled,light,#ffffff,25,#000000,50,normal,light,#ffffff,25,#000000,50,,,,,,,,,,
2365,simple,,,"Mag Seal",1,0,visible,"<h4>Mag Seal</h4>\n","<h4>Mag Seal</h4>\n",,,taxable,,1,,,0,0,,,,,1,,,,"Shower Spares > Shower Seals and Cill Plate, Shower Spares",,,https://showerhaus.co.za/wp-content/uploads/2019/08/Mag-Seal.jpg,,,,,,,,,0,,,left,sidebar_4,0,1,sidebar_2,0,enabled,normal,disabled,light,#ffffff,25,#000000,50,normal,light,#ffffff,25,#000000,50,,,,,,,,,,
2366,simple,,,"Shower Clear Seals For 6-8mm and 10-2mm Glass",1,0,visible,"<h4>Shower Clear Seals For 6-8mm and 10-2mm Glass</h4>\n","<h4>Shower Clear Seals For 6-8mm and 10-2mm Glass</h4>\n",,,taxable,,1,,,0,0,,,,,1,,,,"Shower Spares > Shower Seals and Cill Plate, Shower Spares",,,https://showerhaus.co.za/wp-content/uploads/2019/08/Shower-Clear-Seals-For-6-8mm-and-10-2mm-Glass.jpg,,,,,,,,,0,,,left,sidebar_4,0,1,sidebar_2,0,enabled,normal,disabled,light,#ffffff,25,#000000,50,normal,light,#ffffff,25,#000000,50,,,,,,,,,,
2367,simple,,,"Soft Lip Seal",1,0,visible,"<h4>Soft Lip Seal</h4>\n","<h4>Soft Lip Seal</h4>\n",,,taxable,,1,,,0,0,,,,,1,,,,"Shower Spares > Shower Seals and Cill Plate, Shower Spares",,,https://showerhaus.co.za/wp-content/uploads/2019/08/Soft-Lip-Seal.jpg,,,,,,,,,0,,,left,sidebar_4,0,1,sidebar_2,0,enabled,normal,disabled,light,#ffffff,25,#000000,50,normal,light,#ffffff,25,#000000,50,,,,,,,,,,
2381,simple,,,"Bracket Wheel for Framed Sliding Enclosure 1",1,0,visible,"<h4>Bracket Wheel for Framed Sliding Enclosure 1</h4>\n","<h4>Bracket Wheel for Framed Sliding Enclosure 1</h4>\n",,,taxable,,1,,,0,0,,,,,1,,,,"Shower Spares, Shower Spares > Shower Wheels & Brackets",,,https://showerhaus.co.za/wp-content/uploads/2019/08/Bracket-Wheel-for-Framed-Sliding-Enclosure-1.jpg,,,,,,,,,0,,,left,sidebar_4,0,1,sidebar_2,0,enabled,normal,disabled,light,#ffffff,25,#000000,50,normal,light,#ffffff,25,#000000,50,,,,,,,,,,
2384,simple,,,"Chrome Double Wheel For Bottom Rail (1)",1,0,visible,"<h4>Chrome Double Wheel For Bottom Rail (1)</h4>\n","<h4>Chrome Double Wheel For Bottom Rail (1)</h4>\n",,,taxable,,1,,,0,0,,,,,1,,,,"Shower Spares, Shower Spares > Shower Wheels & Brackets",,,https://showerhaus.co.za/wp-content/uploads/2019/08/Chrome-Double-Wheel-For-Bottom-Rail-1.jpg,,,,,,,,,0,,,left,sidebar_4,0,1,sidebar_2,0,enabled,normal,disabled,light,#ffffff,25,#000000,50,normal,light,#ffffff,25,#000000,50,,,,,,,,,,
2387,simple,,,"Chrome Double Wheel For Top Rail",1,0,visible,"<h4>Chrome Double Wheel For Top Rail</h4>\n","<h4>Chrome Double Wheel For Top Rail</h4>\n",,,taxable,,1,,,0,0,,,,,1,,,,"Shower Spares, Shower Spares > Shower Wheels & Brackets",,,https://showerhaus.co.za/wp-content/uploads/2019/08/Chrome-double-wheel-for-top-rail.jpg,,,,,,,,,0,,,left,sidebar_4,0,1,sidebar_2,0,enabled,normal,disabled,light,#ffffff,25,#000000,50,normal,light,#ffffff,25,#000000,50,,,,,,,,,,
2390,simple,,,"Double Nylon Roller Complete",1,0,visible,"<h4>Double Nylon Roller Complete</h4>\n","<h4>Double Nylon Roller Complete</h4>\n",,,taxable,,1,,,0,0,,,,,1,,,,"Shower Spares, Shower Spares > Shower Wheels & Brackets",,,https://showerhaus.co.za/wp-content/uploads/2019/08/Double-Nylon-Roller-Complete.jpg,,,,,,,,,0,,,left,sidebar_4,0,1,sidebar_2,0,enabled,normal,disabled,light,#ffffff,25,#000000,50,normal,light,#ffffff,25,#000000,50,,,,,,,,,,
2392,simple,,,"Double Nylon Roller In Parts",1,0,visible,"<h4>Double Nylon Roller In Parts</h4>\n","<h4>Double Nylon Roller In Parts</h4>\n",,,taxable,,1,,,0,0,,,,,1,,,,"Shower Spares, Shower Spares > Shower Wheels & Brackets",,,https://showerhaus.co.za/wp-content/uploads/2019/08/Double-Nylon-Roller-Complete.jpg,,,,,,,,,0,,,left,sidebar_4,0,1,sidebar_2,0,enabled,normal,disabled,light,#ffffff,25,#000000,50,normal,light,#ffffff,25,#000000,50,,,,,,,,,,
2393,simple,,,"Double Wheels Zinc Alloy",1,0,visible,"<h4>Double Wheels Zinc Alloy</h4>\n","<h4>Double Wheels Zinc Alloy</h4>\n",,,taxable,,1,,,0,0,,,,,1,,,,"Shower Spares, Shower Spares > Shower Wheels & Brackets",,,https://showerhaus.co.za/wp-content/uploads/2019/08/Double-wheels-plastic.jpg,,,,,,,,,0,,,left,sidebar_4,0,1,sidebar_2,0,enabled,normal,disabled,light,#ffffff,25,#000000,50,normal,light,#ffffff,25,#000000,50,,,default,,,,,,,
2395,simple,,,"Double Wheels Chrome",1,0,visible,"<h4>Double Wheels Chrome </h4>\n","<h4>Double Wheels Chrome </h4>\n",,,taxable,,1,,,0,0,,,,,1,,,,"Shower Spares, Shower Spares > Shower Wheels & Brackets",,,https://showerhaus.co.za/wp-content/uploads/2019/08/Double-Wheels-Zinc.jpg,,,,,,,,,0,,,left,sidebar_4,0,1,sidebar_2,0,enabled,normal,disabled,light,#ffffff,25,#000000,50,normal,light,#ffffff,25,#000000,50,,,,,,,,,,
2400,simple,,,"Grey Single Wheel Top Rail",1,0,visible,"<h4>Grey Single Wheel Top Rail</h4>\n","<h4>Grey Single Wheel Top Rail</h4>\n",,,taxable,,1,,,0,0,,,,,1,,,,"Shower Spares, Shower Spares > Shower Wheels & Brackets",,,https://showerhaus.co.za/wp-content/uploads/2019/08/Grey-single-wheel-top-rail.jpg,,,,,,,,,0,,,left,sidebar_4,0,1,sidebar_2,0,enabled,normal,disabled,light,#ffffff,25,#000000,50,normal,light,#ffffff,25,#000000,50,,,,,,,,,,
2401,simple,,,"Grey Single Wheel Bottom Rail",1,0,visible,"<h4>Grey Single Wheel Bottom Rail</h4>\n","<h4>Grey Single Wheel Bottom Rail</h4>\n",,,taxable,,1,,,0,0,,,,,1,,,,"Shower Spares, Shower Spares > Shower Wheels & Brackets",,,https://showerhaus.co.za/wp-content/uploads/2019/08/Grey-single-wheel-bottom-rail.jpg,,,,,,,,,0,,,left,sidebar_4,0,1,sidebar_2,0,enabled,normal,disabled,light,#ffffff,25,#000000,50,normal,light,#ffffff,25,#000000,50,,,,,,,,,,
2404,simple,,,"Nylon Wheel With Washer & Screw",1,0,visible,"<h4>Nylon Wheel With Washer & Screw</h4>\n","<h4>Nylon Wheel With Washer & Screw</h4>\n",,,taxable,,1,,,0,0,,,,,1,,,,"Shower Spares, Shower Spares > Shower Wheels & Brackets",,,https://showerhaus.co.za/wp-content/uploads/2019/08/Nylon-Wheel-with-Washer-Screw-1.jpg,,,,,,,,,0,,,left,sidebar_4,0,1,sidebar_2,0,enabled,normal,disabled,light,#ffffff,25,#000000,50,normal,light,#ffffff,25,#000000,50,,,,,,,,,,
2406,simple,,,"Single Wheels Plastic",1,0,visible,"<h4>Single Wheels Plastic</h4>\n","<h4>Single Wheels Plastic</h4>\n",,,taxable,,1,,,0,0,,,,,1,,,,"Shower Spares, Shower Spares > Shower Wheels & Brackets",,,https://showerhaus.co.za/wp-content/uploads/2019/08/Single-wheels-plastic.jpg,,,,,,,,,0,,,left,sidebar_4,0,1,sidebar_2,0,enabled,normal,disabled,light,#ffffff,25,#000000,50,normal,light,#ffffff,25,#000000,50,,,,,,,,,,
2408,simple,,,"Spider Wheel",1,0,visible,"<h4>Spider Wheel</h4>\n","<h4>Spider Wheel</h4>\n",,,taxable,,1,,,0,0,,,,,1,,,,"Shower Spares, Shower Spares > Shower Wheels & Brackets",,,https://showerhaus.co.za/wp-content/uploads/2019/08/Spider-Wheel.jpg,,,,,,,,,0,,,left,sidebar_4,0,1,sidebar_2,0,enabled,normal,disabled,light,#ffffff,25,#000000,50,normal,light,#ffffff,25,#000000,50,,,,,,,,,,
2410,simple,,,"Tri-Door Wheel & Bracket O",1,0,visible,"<h4>Tri-Door Wheel & Bracket O</h4>\n","<h4>Tri-Door Wheel & Bracket O</h4>\n",,,taxable,,1,,,0,0,,,,,1,,,,"Shower Spares, Shower Spares > Shower Wheels & Brackets",,,https://showerhaus.co.za/wp-content/uploads/2019/08/Tri-Door-Wheel-Bracket-O.jpg,,,,,,,,,0,,,left,sidebar_4,0,1,sidebar_2,0,enabled,normal,disabled,light,#ffffff,25,#000000,50,normal,light,#ffffff,25,#000000,50,,,,,,,,,,
2411,simple,,,"Tri-Door Wheel & Bracket XX",1,0,visible,"<h4>Tri-Door Wheel & Bracket XX</h4>\n","<h4>Tri-Door Wheel & Bracket XX</h4>\n",,,taxable,,1,,,0,0,,,,,1,,,,"Shower Spares, Shower Spares > Shower Wheels & Brackets",,,https://showerhaus.co.za/wp-content/uploads/2019/08/Tri-Door-Wheel-Bracket-XX.jpg,,,,,,,,,0,,,left,sidebar_4,0,1,sidebar_2,0,enabled,normal,disabled,light,#ffffff,25,#000000,50,normal,light,#ffffff,25,#000000,50,,,,,,,,,,
2414,simple,,,"Stainless Steel Bow and Towel",1,0,visible,"<h4>Stainless Steel Bow and Towel</h4>\n","<h4>Stainless Steel Bow and Towel</h4>\n",,,taxable,,1,,,0,0,,,,,1,,,,"Shower Spares > Handles & Towel Rails, Shower Spares",,,https://showerhaus.co.za/wp-content/uploads/2019/08/Stainless-steel-bow-and-towel.jpg,,,,,,,,,0,,,left,sidebar_4,0,1,sidebar_2,0,enabled,normal,disabled,light,#ffffff,25,#000000,50,normal,light,#ffffff,25,#000000,50,,,,,,,,,,
2417,simple,,,"Stainless Steel Towel Rail With Backing Knob",1,0,visible,"<h4>Stainless Steel Towel Rail With Backing Knob</h4>\n","<h4>Stainless Steel Towel Rail With Backing Knob</h4>\n",,,taxable,,1,,,0,0,,,,,1,,,,"Shower Spares > Handles & Towel Rails, Shower Spares",,,https://showerhaus.co.za/wp-content/uploads/2019/08/Stainless-steel-towel-rail-with-backing-knob.jpg,,,,,,,,,0,,,left,sidebar_4,0,1,sidebar_2,0,enabled,normal,disabled,light,#ffffff,25,#000000,50,normal,light,#ffffff,25,#000000,50,,,,,,,,,,
2419,simple,,,"Stainless Steel Towel Rail",1,0,visible,"<h4>Stainless Steel Towel Rail</h4>\n","<h4>Stainless Steel Towel Rail</h4>\n",,,taxable,,1,,,0,0,,,,,1,,,,"Shower Spares > Handles & Towel Rails, Shower Spares",,,https://showerhaus.co.za/wp-content/uploads/2019/08/Stainless-steel-towel-rail.jpg,,,,,,,,,0,,,left,sidebar_4,0,1,sidebar_2,0,enabled,normal,disabled,light,#ffffff,25,#000000,50,normal,light,#ffffff,25,#000000,50,,,,,,,,,,
2421,simple,,,"Towel Rail With Backing Knob",1,0,visible,"<h4>Towel Rail With Backing Knob</h4>\n","<h4>Towel Rail With Backing Knob</h4>\n",,,taxable,,1,,,0,0,,,,,1,,,,"Shower Spares > Handles & Towel Rails, Shower Spares",,,https://showerhaus.co.za/wp-content/uploads/2019/08/Towel-Rail-with-backing-knob.jpg,,,,,,,,,0,,,left,sidebar_4,0,1,sidebar_2,0,enabled,normal,disabled,light,#ffffff,25,#000000,50,normal,light,#ffffff,25,#000000,50,,,,,,,,,,
2431,simple,,,"2 Screens With Towel Rails and A Cut Out Return Panel",1,0,visible,"<h4>2 Screens With Towel Rails and A Cut Out Return Panel</h4>\n","<h4>2 Screens With Towel Rails and A Cut Out Return Panel</h4>\n",,,taxable,,1,,,0,0,,,,,1,,,,"Walk In Shower Screens",,,https://showerhaus.co.za/wp-content/uploads/2019/08/2-Screens-With-Towel-Rails-and-A-Cut-Out-Return-Panel.jpg,,,,,,,,,0,,,left,sidebar_4,0,1,sidebar_2,0,enabled,normal,disabled,light,#ffffff,25,#000000,50,normal,light,#ffffff,25,#000000,50,,,,,,,,,,
2434,simple,,,"2 Walk-in Screens with Sandblast vinyl",1,0,visible,"<h4>2 Walk-in Screens with Sandblast vinyl</h4>\n","<h4>2 Walk-in Screens with Sandblast vinyl</h4>\n",,,taxable,,1,,,0,0,,,,,1,,,,"Walk In Shower Screens",,,https://showerhaus.co.za/wp-content/uploads/2019/08/2-Walk-in-Screens-with-Sandblast-vinyl.jpg,,,,,,,,,0,,,left,sidebar_4,0,1,sidebar_2,0,enabled,normal,disabled,light,#ffffff,25,#000000,50,normal,light,#ffffff,25,#000000,50,,,default,,,,,,,
2437,simple,,,"2 Walk-In Screens With Towel Rail On The One Screen",1,0,visible,"<h4>2 Walk-In Screens With Towel Rail On The One Screen</h4>\n","<h4>2 Walk-In Screens With Towel Rail On The One Screen</h4>\n",,,taxable,,1,,,0,0,,,,,1,,,,"Walk In Shower Screens",,,https://showerhaus.co.za/wp-content/uploads/2019/08/2-Walk-in-screens-with-towel-rail-on-the-one-screen.jpg,,,,,,,,,0,,,left,sidebar_4,0,1,sidebar_2,0,enabled,normal,disabled,light,#ffffff,25,#000000,50,normal,light,#ffffff,25,#000000,50,,,,,,,,,,
2440,simple,,,"3 Sided Frameless Screen 2",1,0,visible,"<h4>3 Sided Frameless Screen 2</h4>\n","<h4>3 Sided Frameless Screen 2</h4>\n",,,taxable,,1,,,0,0,,,,,1,,,,"Walk In Shower Screens",,,https://showerhaus.co.za/wp-content/uploads/2019/08/3-Sided-frameless-screen-2.jpg,,,,,,,,,0,,,left,sidebar_4,0,1,sidebar_2,0,enabled,normal,disabled,light,#ffffff,25,#000000,50,normal,light,#ffffff,25,#000000,50,,,,,,,,,,
2442,simple,,,"FA1021 Semi Frameless Screen with Support Bar",1,0,visible,"<h4>FA1021 Semi Frameless Screen with Support Bar</h4>\n\nAvailable ex-stock in the following two sizes\n \n1100mm wide x 1900mm high\n1200mm wide x 2000mm high\n","<h4>FA1021 Semi Frameless Screen with Support Bar</h4>\n\nAvailable ex-stock in the following two sizes\n \n1100mm wide x 1900mm high\n1200mm wide x 2000mm high",,,taxable,,1,,,0,0,,,,,1,,,,"Walk In Shower Screens",,,https://showerhaus.co.za/wp-content/uploads/2019/08/FA1021-Semi-Frameless-Screen-with-Support-Bar-2.jpg,,,,,,,,,0,,default,left,sidebar_4,0,1,sidebar_2,0,enabled,normal,disabled,light,#ffffff,25,#000000,50,normal,light,#ffffff,25,#000000,50,,,,,,,,,,
2444,simple,,,"Frameless Room Divider with Sandblasted Vinyl",1,0,visible,"<h4>Frameless Room Divider with Sandblasted Vinyl</h4>\n","<h4>Frameless Room Divider with Sandblasted Vinyl</h4>\n",,,taxable,,1,,,0,0,,,,,1,,,,"Walk In Shower Screens",,,https://showerhaus.co.za/wp-content/uploads/2019/08/Frameless-Room-Divider-with-Sandblasted-Vinyl.jpg,,,,,,,,,0,,,left,sidebar_4,0,1,sidebar_2,0,enabled,normal,disabled,light,#ffffff,25,#000000,50,normal,light,#ffffff,25,#000000,50,,,,,,,,,,
2446,simple,,,"Frameless Room Divider",1,0,visible,"<h4>Frameless Room Divider</h4>\n","<h4>Frameless Room Divider</h4>\n",,,taxable,,1,,,0,0,,,,,1,,,,"Walk In Shower Screens",,,https://showerhaus.co.za/wp-content/uploads/2019/08/Frameless-room-divider.jpg,,,,,,,,,0,,,left,sidebar_4,0,1,sidebar_2,0,enabled,normal,disabled,light,#ffffff,25,#000000,50,normal,light,#ffffff,25,#000000,50,,,,,,,,,,
2448,simple,,,"Frameless Screen Between Bath and Basin",1,0,visible,"<h4>Frameless Screen Between Bath and Basin</h4>\n","<h4>Frameless Screen Between Bath and Basin</h4>\n",,,taxable,,1,,,0,0,,,,,1,,,,"Walk In Shower Screens",,,https://showerhaus.co.za/wp-content/uploads/2019/08/Frameless-Screen-between-bath-and-basin.jpg,,,,,,,,,0,,,left,sidebar_4,0,1,sidebar_2,0,enabled,normal,disabled,light,#ffffff,25,#000000,50,normal,light,#ffffff,25,#000000,50,,,,,,,,,,
2450,simple,,,"Frameless Screen with Glass Stabilizing Shelf",1,0,visible,"<h4>Frameless Screen with Glass Stabilizing Shelf</h4>\n","<h4>Frameless Screen with Glass Stabilizing Shelf</h4>\n",,,taxable,,1,,,0,0,,,,,1,,,,"Walk In Shower Screens",,,https://showerhaus.co.za/wp-content/uploads/2019/08/Frameless-Screen-with-glass-stabilizing-shelf.jpg,,,,,,,,,0,,,left,sidebar_4,0,1,sidebar_2,0,enabled,normal,disabled,light,#ffffff,25,#000000,50,normal,light,#ffffff,25,#000000,50,,,,,,,,,,
2454,simple,,,"Frameless Screen with Stabilizer Arm Through Glass",1,0,visible,"<h4>Frameless Screen with Stabilizer Arm Through Glass</h4>\n","<h4>Frameless Screen with Stabilizer Arm Through Glass</h4>\n",,,taxable,,1,,,0,0,,,,,1,,,,"Frameless Shower Enclosures, Walk In Shower Screens",,,https://showerhaus.co.za/wp-content/uploads/2019/08/Frameless-Screen-with-Stabilizer-Arm-Through-Glass.jpg,,,,,,,,,0,,,left,sidebar_4,0,1,sidebar_2,0,enabled,normal,disabled,light,#ffffff,25,#000000,50,normal,light,#ffffff,25,#000000,50,,,,,,,,,,
2456,simple,,,"Frameless Screen with Stabilizing Shelf",1,0,visible,"<h4>Frameless Screen with Stabilizing Shelf</h4>\n","<h4>Frameless Screen with Stabilizing Shelf</h4>\n",,,taxable,,1,,,0,0,,,,,1,,,,"Frameless Shower Enclosures, Walk In Shower Screens",,,https://showerhaus.co.za/wp-content/uploads/2019/08/Frameless-Screen-with-Stabilizing-Shelf.jpg,,,,,,,,,0,,,left,sidebar_4,0,1,sidebar_2,0,enabled,normal,disabled,light,#ffffff,25,#000000,50,normal,light,#ffffff,25,#000000,50,,,,,,,,,,
2458,simple,,,"Frameless Screen",1,0,visible,"<h4>Frameless Screen</h4>\n","<h4>Frameless Screen</h4>\n",,,taxable,,1,,,0,0,,,,,1,,,,"Frameless Shower Enclosures, Walk In Shower Screens",,,https://showerhaus.co.za/wp-content/uploads/2019/08/frameless-screen.jpg,,,,,,,,,0,,,left,sidebar_4,0,1,sidebar_2,0,enabled,normal,disabled,light,#ffffff,25,#000000,50,normal,light,#ffffff,25,#000000,50,,,,,,,,,,
2460,simple,,,"Frameless Shower Screen with Stabilizing Bar",1,0,visible,"<h4>Frameless Shower Screen with Stabilizing Bar</h4>\n","<h4>Frameless Shower Screen with Stabilizing Bar</h4>\n",,,taxable,,1,,,0,0,,,,,1,,,,"Walk In Shower Screens",,,https://showerhaus.co.za/wp-content/uploads/2019/08/Frameless-Shower-Screen-with-Stabilizing-Bar.jpg,,,,,,,,,0,,,left,sidebar_4,0,1,sidebar_2,0,enabled,normal,disabled,light,#ffffff,25,#000000,50,normal,light,#ffffff,25,#000000,50,,,,,,,,,,
2473,simple,,,"2 Panel Walk In Shower With Stabiliser Arm",1,0,visible,"<h4>2 Panel Walk In Shower With Stabiliser Arm</h4>","<h4>2 Panel Walk In Shower With Stabiliser Arm</h4>",,,taxable,,1,,,0,0,,,,,1,,,,"Frameless Shower Enclosures",,,https://showerhaus.co.za/wp-content/uploads/2019/08/2-Panel-Walk-in-shower-with-stabiliser-arm.jpg,,,,,,,,,0,,default,left,sidebar_4,0,1,sidebar_2,0,enabled,normal,disabled,light,#ffffff,25,#000000,50,normal,light,#ffffff,25,#000000,50,,,,,,,,,,
2477,simple,,,"2 Screens With Towel Rails and A Cut Out Return Panel",1,0,visible,"<h4>2 Screens With Towel Rails and A Cut Out Return Panel</h4>","<h4>2 Screens With Towel Rails and A Cut Out Return Panel</h4>",,,taxable,,1,,,0,0,,,,,1,,,,"Frameless Shower Enclosures",,,https://showerhaus.co.za/wp-content/uploads/2019/08/2-Screens-with-towel-rails-and-a-cut-out-return-panel.jpg,,,,,,,,,0,,,left,sidebar_4,0,1,sidebar_2,0,enabled,normal,disabled,light,#ffffff,25,#000000,50,normal,light,#ffffff,25,#000000,50,,,,,,,,,,
2479,simple,,,"2 Walk-In Screens with Sandblast Vinyl",1,0,visible,"<h4>2 Walk-In Screens with Sandblast Vinyl</h4>","<h4>2 Walk-In Screens with Sandblast Vinyl</h4>",,,taxable,,1,,,0,0,,,,,1,,,,"Frameless Shower Enclosures",,,https://showerhaus.co.za/wp-content/uploads/2019/08/2-Walk-in-Screens-with-Sandblast-vinyl-1.jpg,,,,,,,,,0,,,left,sidebar_4,0,1,sidebar_2,0,enabled,normal,disabled,light,#ffffff,25,#000000,50,normal,light,#ffffff,25,#000000,50,,,,,,,,,,
2481,simple,,,"2 Walk-in Screens With Towel Rail On The One Screen",1,0,visible,"<h4>2 Walk-in Screens With Towel Rail On The One Screen</h4>","<h4>2 Walk-in Screens With Towel Rail On The One Screen</h4>",,,taxable,,1,,,0,0,,,,,1,,,,"Frameless Shower Enclosures",,,https://showerhaus.co.za/wp-content/uploads/2019/08/2-Walk-in-screens-with-towel-rail-on-the-one-screen-1.jpg,,,,,,,,,0,,,left,sidebar_4,0,1,sidebar_2,0,enabled,normal,disabled,light,#ffffff,25,#000000,50,normal,light,#ffffff,25,#000000,50,,,,,,,,,,
2483,simple,,,"3 Sided Frameless Screen 2",1,0,visible,"<h4>3 Sided Frameless Screen 2</h4>","<h4>3 Sided Frameless Screen 2</h4>",,,taxable,,1,,,0,0,,,,,1,,,,"Frameless Shower Enclosures",,,https://showerhaus.co.za/wp-content/uploads/2019/08/3-Sided-frameless-screen-2-1.jpg,,,,,,,,,0,,,left,sidebar_4,0,1,sidebar_2,0,enabled,normal,disabled,light,#ffffff,25,#000000,50,normal,light,#ffffff,25,#000000,50,,,,,,,,,,
2485,simple,,,"Bath-Room Divider",1,0,visible,"<h4>Bath-Room Divider</h4>","<h4>Bath-Room Divider</h4>",,,taxable,,1,,,0,0,,,,,1,,,,"Frameless Shower Enclosures",,,https://showerhaus.co.za/wp-content/uploads/2019/08/Bath-room-divider.jpg,,,,,,,,,0,,,left,sidebar_4,0,1,sidebar_2,0,enabled,normal,disabled,light,#ffffff,25,#000000,50,normal,light,#ffffff,25,#000000,50,,,,,,,,,,
2487,simple,,,"Black Shower Hardware",1,0,visible,"<h4>Black Shower Hardware</h4>","<h4>Black Shower Hardware</h4>",,,taxable,,1,,,0,0,,,,,1,,,,"Frameless Shower Enclosures",,,https://showerhaus.co.za/wp-content/uploads/2019/08/Black-shower-hardware.jpg,,,,,,,,,0,,,left,sidebar_4,0,1,sidebar_2,0,enabled,normal,disabled,light,#ffffff,25,#000000,50,normal,light,#ffffff,25,#000000,50,,,,,,,,,,
2489,simple,,,"Centre Door Hinging On An In Line Panel With Stabilizing Shelf",1,0,visible,"<h4>Centre Door Hinging On An In Line Panel With Stabilizing Shelf</h4>","<h4>Centre Door Hinging On An In Line Panel With Stabilizing Shelf</h4>",,,taxable,,1,,,0,0,,,,,1,,,,"Frameless Shower Enclosures",,,https://showerhaus.co.za/wp-content/uploads/2019/08/Centre-Door-Hinging-on-an-In-Line-Panel-with-Stabilizing-Shelf.jpg,,,,,,,,,0,,,left,sidebar_4,0,1,sidebar_2,0,enabled,normal,disabled,light,#ffffff,25,#000000,50,normal,light,#ffffff,25,#000000,50,,,,,,,,,,
2491,simple,,,"Centre walk in shower Two Screens with Glass Support Shelves",1,0,visible,"<h4>Centre walk in shower Two Screens with Glass Support Shelves</h4>","<h4>Centre walk in shower Two Screens with Glass Support Shelves</h4>",,,taxable,,1,,,0,0,,,,,1,,,,"Frameless Shower Enclosures",,,https://showerhaus.co.za/wp-content/uploads/2019/08/Centre-walk-in-shower-Two-Screens-with-Glass-Support-Shelves.jpg,,,,,,,,,0,,,left,sidebar_4,0,1,sidebar_2,0,enabled,normal,disabled,light,#ffffff,25,#000000,50,normal,light,#ffffff,25,#000000,50,,,,,,,,,,
2494,simple,,,"Custom Bathroom Enclosure Full Sandblast",1,0,visible,"<h4>Custom Bathroom Enclosure Full Sandblast</h4>","<h4>Custom Bathroom Enclosure Full Sandblast</h4>",,,taxable,,1,,,0,0,,,,,1,,,,"Frameless Shower Enclosures",,,https://showerhaus.co.za/wp-content/uploads/2019/08/Custom-Bathrrom-Enclosure-Full-Sandblast.jpg,,,,,,,,,0,,,left,sidebar_4,0,1,sidebar_2,0,enabled,normal,disabled,light,#ffffff,25,#000000,50,normal,light,#ffffff,25,#000000,50,,,,,,,,,,
2496,simple,,,"Custom Cut Frameless Door Due To Window Inside The Shower Area",1,0,visible,"<h4>Custom Cut Frameless Door Due To Window Inside The Shower Area</h4>","<h4>Custom Cut Frameless Door Due To Window Inside The Shower Area</h4>",,,taxable,,1,,,0,0,,,,,1,,,,"Frameless Shower Enclosures",,,https://showerhaus.co.za/wp-content/uploads/2019/08/Custom-Cut-frameless-door-due-to-window-inside-the-showwer-area.jpg,,,,,,,,,0,,,left,sidebar_4,0,1,sidebar_2,0,enabled,normal,disabled,light,#ffffff,25,#000000,50,normal,light,#ffffff,25,#000000,50,,,,,,,,,,
2499,simple,,,"Door and In Line Panel With Two Shelves",1,0,visible,"<h4>Door and In Line Panel With Two Shelves</h4>","<h4>Door and In Line Panel With Two Shelves</h4>",,,taxable,,1,,,0,0,,,,,1,,,,"Frameless Shower Enclosures",,,https://showerhaus.co.za/wp-content/uploads/2019/08/Door-and-In-Line-Panel-with-Two-Shelves.jpg,,,,,,,,,0,,default,left,sidebar_4,0,1,sidebar_2,0,enabled,normal,disabled,light,#ffffff,25,#000000,50,normal,light,#ffffff,25,#000000,50,,,,,,,,,,
2502,simple,,,"Door Hinged Off In-Line Panel With Return Panel Using Black Hardware",1,0,visible,"<h4>Door Hinged Off In-Line Panel With Return Panel Using Black Hardware</h4>","<h4>Door Hinged Off In-Line Panel With Return Panel Using Black Hardware</h4>",,,taxable,,1,,,0,0,,,,,1,,,,"Frameless Shower Enclosures",,,https://showerhaus.co.za/wp-content/uploads/2019/08/Door-Hinged-Off-In-Line-Panel-with-Return-Panel-using-Black-Hardware.jpg,,,,,,,,,0,,default,left,sidebar_4,0,1,sidebar_2,0,enabled,normal,disabled,light,#ffffff,25,#000000,50,normal,light,#ffffff,25,#000000,50,,,,,,,,,,
2504,simple,,,"Dual Entry Shower",1,0,visible,"<h4>Dual Entry Shower</h4>","<h4>Dual Entry Shower</h4>",,,taxable,,1,,,0,0,,,,,1,,,,"Frameless Shower Enclosures",,,https://showerhaus.co.za/wp-content/uploads/2019/08/Dual-Entry-Shower.jpg,,,,,,,,,0,,default,left,sidebar_4,0,1,sidebar_2,0,enabled,normal,disabled,light,#ffffff,25,#000000,50,normal,light,#ffffff,25,#000000,50,,,,,,,,,,
2507,simple,,,"Floor to Ceiling Glass Wine Cellar",1,0,visible,"<h4>Floor to Ceiling Glass Wine Cellar</h4>","<h4>Floor to Ceiling Glass Wine Cellar</h4>",,,taxable,,1,,,0,0,,,,,1,,,,"Frameless Shower Enclosures",,,https://showerhaus.co.za/wp-content/uploads/2019/08/Floor-to-Ceiling-Glass-Wine-Cellar.jpg,,,,,,,,,0,,default,left,sidebar_4,0,1,sidebar_2,0,enabled,normal,disabled,light,#ffffff,25,#000000,50,normal,light,#ffffff,25,#000000,50,,,,,,,,,,
2509,simple,,,"Frameless Centre Pivot Door With Header Rail and In Line Panels",1,0,visible,"<h4>Frameless Centre Pivot Door With Header Rail and In Line Panels</h4>","<h4>Frameless Centre Pivot Door With Header Rail and In Line Panels</h4>",,,taxable,,1,,,0,0,,,,,1,,,,"Frameless Shower Enclosures",,,https://showerhaus.co.za/wp-content/uploads/2019/08/Frameless-centre-pivot-door-with-header-rail-and-in-line-panels.jpg,,,,,,,,,0,,default,left,sidebar_4,0,1,sidebar_2,0,enabled,normal,disabled,light,#ffffff,25,#000000,50,normal,light,#ffffff,25,#000000,50,,,,,,,,,,
2511,simple,,,"Frameless City Slider One Fixed Panel One Sliding Panel",1,0,visible,"<h4>Frameless City Slider One Fixed Panel One Sliding Panel </h4>","<h4>Frameless City Slider One Fixed Panel One Sliding Panel </h4>",,,taxable,,1,,,0,0,,,,,1,,,,"Frameless Shower Enclosures",,,https://showerhaus.co.za/wp-content/uploads/2019/08/Frameless-City-Slider-One-fixed-panel-one-sliding-panel-.jpg,,,,,,,,,0,,default,left,sidebar_4,0,1,sidebar_2,0,enabled,normal,disabled,light,#ffffff,25,#000000,50,normal,light,#ffffff,25,#000000,50,,,,,,,,,,
2514,simple,,,"Frameless Door Hinged Off An Inline Panel",1,0,visible,"<h4>Frameless Door Hinged Off An Inline Panel</h4>","<h4>Frameless Door Hinged Off An Inline Panel</h4>",,,taxable,,1,,,0,0,,,,,1,,,,"Frameless Shower Enclosures",,,https://showerhaus.co.za/wp-content/uploads/2019/08/Frameless-door-hinged-off-an-inline-panel-with-a-return-panel.jpg,,,,,,,,,0,,,left,sidebar_4,0,1,sidebar_2,0,enabled,normal,disabled,light,#ffffff,25,#000000,50,normal,light,#ffffff,25,#000000,50,,,default,,,,,,,
2517,simple,,,"Frameless Door Hinged Off The Wall With In Line Panel and Return Panel",1,0,visible,"<h4>Frameless Door Hinged Off The Wall With In Line Panel and Return Panel</h4>","<h4>Frameless Door Hinged Off The Wall With In Line Panel and Return Panel</h4>",,,taxable,,1,,,0,0,,,,,1,,,,"Frameless Shower Enclosures",,,https://showerhaus.co.za/wp-content/uploads/2019/08/Frameless-door-hinged-off-the-wall-with-in-line-panel-and-return-panel.jpg,,,,,,,,,0,,default,left,sidebar_4,0,1,sidebar_2,0,enabled,normal,disabled,light,#ffffff,25,#000000,50,normal,light,#ffffff,25,#000000,50,,,,,,,,,,
2520,simple,,,"Frameless Door Hinging On The Wall With An In-line Panel and Return Panel With Stabilizing Glass Shelf",1,0,visible,"<h4>Frameless Door Hinging On The Wall With An In-line Panel and Return Panel With Stabilizing Glass Shelf</h4>","<h4>Frameless Door Hinging On The Wall With An In-line Panel and Return Panel With Stabilizing Glass Shelf</h4>",,,taxable,,1,,,0,0,,,,,1,,,,"Frameless Shower Enclosures",,,https://showerhaus.co.za/wp-content/uploads/2019/08/Frameless-door-hinging-on-the-wall-with-an-in-line-panel-and-return-panel-with-stabilizing-glass-shelf.jpg,,,,,,,,,0,,default,left,sidebar_4,0,1,sidebar_2,0,enabled,normal,disabled,light,#ffffff,25,#000000,50,normal,light,#ffffff,25,#000000,50,,,,,,,,,,
2523,simple,,,"Frameless Door With A Knob Handle Hinging On A Glass Panel With An in-line Panel",1,0,visible,"<h4>Frameless Door With A Knob Handle Hinging On A Glass Panel With An in-line Panel</h4>","<h4>Frameless Door With A Knob Handle Hinging On A Glass Panel With An in-line Panel</h4>",,,taxable,,1,,,0,0,,,,,1,,,,"Frameless Shower Enclosures",,,https://showerhaus.co.za/wp-content/uploads/2019/08/Frameless-door-with-a-knob-handle-hinging-on-a-glass-panel-with-an-in-line-panel.jpg,,,,,,,,,0,,default,left,sidebar_4,0,1,sidebar_2,0,enabled,normal,disabled,light,#ffffff,25,#000000,50,normal,light,#ffffff,25,#000000,50,,,,,,,,,,
2526,simple,,,"Frameless Enclosure Using Black Hardware",1,0,visible,"<h4>Frameless Enclosure Using Black Hardware</h4>","<h4>Frameless Enclosure Using Black Hardware</h4>",,,taxable,,1,,,0,0,,,,,1,,,,"Frameless Shower Enclosures",,,https://showerhaus.co.za/wp-content/uploads/2019/08/Frameless-enclosure-using-black-hardware.jpg,,,,,,,,,0,,default,left,sidebar_4,0,1,sidebar_2,0,enabled,normal,disabled,light,#ffffff,25,#000000,50,normal,light,#ffffff,25,#000000,50,,,,,,,,,,
2528,simple,,,"Frameless Enclosure with Door Hinging of In Line Panel",1,0,visible,"<h4>Frameless Enclosure with Door Hinging of In Line Panel</h4>","<h4>Frameless Enclosure with Door Hinging of In Line Panel</h4>",,,taxable,,1,,,0,0,,,,,1,,,,"Frameless Shower Enclosures",,,https://showerhaus.co.za/wp-content/uploads/2019/08/Frameless-Enclosure-with-Door-Hinging-of-In-Line-Panel.jpg,,,,,,,,,0,,default,left,sidebar_4,0,1,sidebar_2,0,enabled,normal,disabled,light,#ffffff,25,#000000,50,normal,light,#ffffff,25,#000000,50,,,,,,,,,,
2530,simple,,,"Frameless Enclosure With Wavy Cut Out Detail Along The Top Of The Shower",1,0,visible,"<h4>Frameless Enclosure With Wavy Cut Out Detail Along The Top Of The Shower</h4>","<h4>Frameless Enclosure With Wavy Cut Out Detail Along The Top Of The Shower</h4>",,,taxable,,1,,,0,0,,,,,1,,,,"Frameless Shower Enclosures",,,https://showerhaus.co.za/wp-content/uploads/2019/08/Frameless-enclosure-with-wavy-cut-out-detail-along-the-top-of-the-shower.jpg,,,,,,,,,0,,default,left,sidebar_4,0,1,sidebar_2,0,enabled,normal,disabled,light,#ffffff,25,#000000,50,normal,light,#ffffff,25,#000000,50,,,,,,,,,,
2533,simple,,,"Frameless Hinged Door  and Return Panel with Sandblasted Vinyl Design",1,0,visible,"<h4>Frameless Hinged Door  and Return Panel with Sandblasted Vinyl Design</h4>","<h4>Frameless Hinged Door  and Return Panel with Sandblasted Vinyl Design</h4>",,,taxable,,1,,,0,0,,,,,1,,,,"Frameless Shower Enclosures",,,https://showerhaus.co.za/wp-content/uploads/2019/08/Frameless-Hinged-Door-and-REturn-Panel-with-Sandblasted-Vinyl-Design.jpg,,,,,,,,,0,,default,left,sidebar_4,0,1,sidebar_2,0,enabled,normal,disabled,light,#ffffff,25,#000000,50,normal,light,#ffffff,25,#000000,50,,,,,,,,,,
2535,simple,,,"Frameless Hinged Door With Bow & Towel Rail Handle",1,0,visible,"<h4>Frameless Hinged Door With Bow & Towel Rail Handle</h4>","<h4>Frameless Hinged Door With Bow & Towel Rail Handle</h4>\n",,,taxable,,1,,,0,0,,,,,1,,,,"Frameless Shower Enclosures",,,https://showerhaus.co.za/wp-content/uploads/2019/08/Frameless-hinged-door-with-Bow-Towel-rail-handle.jpg,,,,,,,,,0,,default,left,sidebar_4,0,1,sidebar_2,0,enabled,normal,disabled,light,#ffffff,25,#000000,50,normal,light,#ffffff,25,#000000,50,,,,,,,,,,
2537,simple,,,"Frameless Hinged Door With Cut Out Panel",1,0,visible,"<h4>Frameless Hinged Door With Cut Out Panel</h4>","<h4>Frameless Hinged Door With Cut Out Panel</h4>",,,taxable,,1,,,0,0,,,,,1,,,,"Frameless Shower Enclosures",,,https://showerhaus.co.za/wp-content/uploads/2019/08/Frameless-hinged-door-with-cut-out-panel.jpg,,,,,,,,,0,,default,left,sidebar_4,0,1,sidebar_2,0,enabled,normal,disabled,light,#ffffff,25,#000000,50,normal,light,#ffffff,25,#000000,50,,,,,,,,,,
2540,simple,,,"Frameless Hinged Door with In Line Panel",1,0,visible,"<h4>Frameless Hinged Door with In Line Panel</h4>","<h4>Frameless Hinged Door with In Line Panel</h4>",,,taxable,,1,,,0,0,,,,,1,,,,"Frameless Shower Enclosures",,,https://showerhaus.co.za/wp-content/uploads/2019/08/Frameless-Hinged-Door-with-In-Line-Panel.jpg,,,,,,,,,0,,default,left,sidebar_4,0,1,sidebar_2,0,enabled,normal,disabled,light,#ffffff,25,#000000,50,normal,light,#ffffff,25,#000000,50,,,,,,,,,,
2542,simple,,,"Two Frameless Doors Centre Closing each hinged on wall",1,0,visible,"<h4>Two Frameless Doors Centre Closing each hinged on wall</h4>","<h4>Two Frameless Doors Centre Closing each hinged on wall</h4>",,,taxable,,1,,,0,0,,,,,1,,,,"Frameless Shower Enclosures",,,https://showerhaus.co.za/wp-content/uploads/2019/08/Frameless-In-Line-Door-and-Panel.jpg,,,,,,,,,0,,,left,sidebar_4,0,1,sidebar_2,0,enabled,normal,disabled,light,#ffffff,25,#000000,50,normal,light,#ffffff,25,#000000,50,,,default,,,,,,,
2544,simple,,,"Frameless Internal Glass Door With Sandblasting",1,0,visible,"<h4>Frameless Internal Glass Door With Sandblasting</h4>","<h4>Frameless Internal Glass Door With Sandblasting</h4>",,,taxable,,1,,,0,0,,,,,1,,,,"Frameless Shower Enclosures",,,https://showerhaus.co.za/wp-content/uploads/2019/08/Frameless-internal-glass-door-with-sandblasting.jpg,,,,,,,,,0,,default,left,sidebar_4,0,1,sidebar_2,0,enabled,normal,disabled,light,#ffffff,25,#000000,50,normal,light,#ffffff,25,#000000,50,,,,,,,,,,
2546,simple,,,"Frameless Pivot Door with Header Rail",1,0,visible,"<h4>Frameless Pivot Door with Header Rail</h4>","<h4>Frameless Pivot Door with Header Rail</h4>",,,taxable,,1,,,0,0,,,,,1,,,,"Frameless Shower Enclosures",,,https://showerhaus.co.za/wp-content/uploads/2019/08/Frameless-Pivot-Door-with-Header-Rail.jpg,,,,,,,,,0,,default,left,sidebar_4,0,1,sidebar_2,0,enabled,normal,disabled,light,#ffffff,25,#000000,50,normal,light,#ffffff,25,#000000,50,,,,,,,,,,
2548,simple,,,"Frameless Pivot Door with Header Rail -",1,0,visible,"<h4>Frameless Pivot Door with Header Rail -</h4>","<h4>Frameless Pivot Door with Header Rail -</h4>",,,taxable,,1,,,0,0,,,,,1,,,,"Frameless Shower Enclosures",,,https://showerhaus.co.za/wp-content/uploads/2019/08/Frameless-Pivot-Door-with-Header-Rail-2.jpg,,,,,,,,,0,,default,left,sidebar_4,0,1,sidebar_2,0,enabled,normal,disabled,light,#ffffff,25,#000000,50,normal,light,#ffffff,25,#000000,50,,,,,,,,,,
2551,simple,,,"Frameless Pivot Door with In line Panel and Header Rail",1,0,visible,"<h4>Frameless Pivot Door with In line Panel and Header Rail</h4>","<h4>Frameless Pivot Door with In line Panel and Header Rail</h4>",,,taxable,,1,,,0,0,,,,,1,,,,"Frameless Shower Enclosures",,,https://showerhaus.co.za/wp-content/uploads/2019/08/Frameless-Pivot-Door-with-In-line-Panel-and-Header-Rail.jpg,,,,,,,,,0,,default,left,sidebar_4,0,1,sidebar_2,0,enabled,normal,disabled,light,#ffffff,25,#000000,50,normal,light,#ffffff,25,#000000,50,,,,,,,,,,
2553,simple,,,"Frameless Room Divider with Sandblasted Vinyl",1,0,visible,"<h4>Frameless Room Divider with Sandblasted Vinyl</h4>","<h4>Frameless Room Divider with Sandblasted Vinyl</h4>",,,taxable,,1,,,0,0,,,,,1,,,,"Frameless Shower Enclosures",,,https://showerhaus.co.za/wp-content/uploads/2019/08/Frameless-Room-Divider-with-Sandblasted-Vinyl-1.jpg,,,,,,,,,0,,default,left,sidebar_4,0,1,sidebar_2,0,enabled,normal,disabled,light,#ffffff,25,#000000,50,normal,light,#ffffff,25,#000000,50,,,,,,,,,,
2555,simple,,,"Frameless Room Divider",1,0,visible,"<h4>Frameless Room Divider</h4>","<h4>Frameless Room Divider</h4>",,,taxable,,1,,,0,0,,,,,1,,,,"Frameless Shower Enclosures",,,https://showerhaus.co.za/wp-content/uploads/2019/08/Frameless-room-divider-1.jpg,,,,,,,,,0,,default,left,sidebar_4,0,1,sidebar_2,0,enabled,normal,disabled,light,#ffffff,25,#000000,50,normal,light,#ffffff,25,#000000,50,,,,,,,,,,
2557,simple,,,"Frameless Screen With Glass Stabilizing Shelf",1,0,visible,"<h4>Frameless Screen With Glass Stabilizing Shelf</h4>","<h4>Frameless Screen With Glass Stabilizing Shelf</h4>",,,taxable,,1,,,0,0,,,,,1,,,,"Frameless Shower Enclosures",,,https://showerhaus.co.za/wp-content/uploads/2019/08/Frameless-Screen-with-glass-stabilizing-shelf-1.jpg,,,,,,,,,0,,default,left,sidebar_4,0,1,sidebar_2,0,enabled,normal,disabled,light,#ffffff,25,#000000,50,normal,light,#ffffff,25,#000000,50,,,,,,,,,,
2558,simple,,,"Frameless Sandblasted Toilet Enclosure and Shower Enclosure With Header Rail",1,0,visible,"<h4>Frameless Sandblasted Toilet Enclosure and Shower Enclosure With Header Rail</h4>","<h4>Frameless Sandblasted Toilet Enclosure and Shower Enclosure With Header Rail</h4>",,,taxable,,1,,,0,0,,,,,1,,,,"Frameless Shower Enclosures",,,https://showerhaus.co.za/wp-content/uploads/2019/08/Frameless-Sandblasted-toilet-enclosure-and-shower-enclosure-with-header-rail.jpg,,,,,,,,,0,,default,left,sidebar_4,0,1,sidebar_2,0,enabled,normal,disabled,light,#ffffff,25,#000000,50,normal,light,#ffffff,25,#000000,50,,,,,,,,,,
2563,simple,,,"Frameless Shower Enclosure With 3 Hinges and Towel Rail",1,0,visible,"<h4>Frameless Shower Enclosure With 3 Hinges and Towel Rail</h4>","<h4>Frameless Shower Enclosure With 3 Hinges and Towel Rail</h4>",,,taxable,,1,,,0,0,,,,,1,,,,"Frameless Shower Enclosures",,,https://showerhaus.co.za/wp-content/uploads/2019/08/Frameless-shower-enclosure-with-3-hinges-and-towel-rail.jpg,,,,,,,,,0,,default,left,sidebar_4,0,1,sidebar_2,0,enabled,normal,disabled,light,#ffffff,25,#000000,50,normal,light,#ffffff,25,#000000,50,,,,,,,,,,
2566,simple,,,"Frameless shower enclosure with door hinging off a panel",1,0,visible,"<h4>Frameless shower enclosure with door hinging off a panel</h4>","<h4>Frameless shower enclosure with door hinging off a panel</h4>",,,taxable,,1,,,0,0,,,,,1,,,,"Frameless Shower Enclosures",,,https://showerhaus.co.za/wp-content/uploads/2019/08/Frameless-shower-enclosure-with-door-hinging-off-a-panel.jpg,,,,,,,,,0,,default,left,sidebar_4,0,1,sidebar_2,0,enabled,normal,disabled,light,#ffffff,25,#000000,50,normal,light,#ffffff,25,#000000,50,,,,,,,,,,
2569,simple,,,"Frameless Shower With Black Hardware",1,0,visible,"<h4>Frameless Shower With Black Hardware</h4>","<h4>Frameless Shower With Black Hardware</h4>",,,taxable,,1,,,0,0,,,,,1,,,,"Frameless Shower Enclosures",,,https://showerhaus.co.za/wp-content/uploads/2019/08/Frameless-shower-with-Black-hardwere.jpg,,,,,,,,,0,,default,left,sidebar_4,0,1,sidebar_2,0,enabled,normal,disabled,light,#ffffff,25,#000000,50,normal,light,#ffffff,25,#000000,50,,,,,,,,,,
2572,simple,,,"Frameless Shower with Neck to Knee Sandblasting",1,0,visible,"<h4>Frameless Shower with Neck to Knee Sandblasting</h4>","<h4>Frameless Shower with Neck to Knee Sandblasting</h4>",,,taxable,,1,,,0,0,,,,,1,,,,"Frameless Shower Enclosures",,,https://showerhaus.co.za/wp-content/uploads/2019/08/Frameless-Shower-with-Neck-to-Knee-Sandblasting.jpg,,,,,,,,,0,,default,left,sidebar_4,0,1,sidebar_2,0,enabled,normal,disabled,light,#ffffff,25,#000000,50,normal,light,#ffffff,25,#000000,50,,,,,,,,,,
2576,simple,,,"Frameless Sliding Shower 3",1,0,visible,"<h4>Frameless Sliding Shower 3</h4>","<h4>Frameless Sliding Shower 3</h4>",,,taxable,,1,,,0,0,,,,,1,,,,"Frameless Shower Enclosures",,,https://showerhaus.co.za/wp-content/uploads/2019/08/frameless-sliding-shower-3.jpg,,,,,,,,,0,,default,left,sidebar_4,0,1,sidebar_2,0,enabled,normal,disabled,light,#ffffff,25,#000000,50,normal,light,#ffffff,25,#000000,50,,,,,,,,,,
2578,simple,,,"Frameless Two Walk in Shower Screens With Stabilizing Glass Shelves",1,0,visible,"<h4>Frameless Two Walk in Shower Screens With Stabilizing Glass Shelves</h4>","<h4>Frameless Two Walk in Shower Screens With Stabilizing Glass Shelves</h4>",,,taxable,,1,,,0,0,,,,,1,,,,"Frameless Shower Enclosures",,,https://showerhaus.co.za/wp-content/uploads/2019/08/Frameless-Two-Walk-in-Shower-Screens-With-Stabilizing-Glass-Shelves.jpg,,,,,,,,,0,,default,left,sidebar_4,0,1,sidebar_2,0,enabled,normal,disabled,light,#ffffff,25,#000000,50,normal,light,#ffffff,25,#000000,50,,,,,,,,,,
2581,simple,,,"Frameless Sliding Shower",1,0,visible,"<h4>Frameless Sliding Shower</h4>","<h4>Frameless Sliding Shower</h4>",,,taxable,,1,,,0,0,,,,,1,,,,"Frameless Shower Enclosures",,,"https://showerhaus.co.za/wp-content/uploads/2019/08/Frameless-Sliding-Shower--scaled.jpg, https://showerhaus.co.za/wp-content/uploads/2019/08/Frameless-Sliding-Shower-scaled.jpg",,,,,,,,,0,,,left,sidebar_4,0,1,sidebar_2,0,enabled,normal,disabled,light,#ffffff,25,#000000,50,normal,light,#ffffff,25,#000000,50,,,default,,,,,,,
2583,simple,,,"Framelss Pentagonal enclosure with two glass shelves for stability",1,0,visible,"<h4>Framelss Pentagonal enclosure with two glass shelves for stability</h4>","<h4>Framelss Pentagonal enclosure with two glass shelves for stability</h4>",,,taxable,,1,,,0,0,,,,,1,,,,"Frameless Shower Enclosures",,,https://showerhaus.co.za/wp-content/uploads/2019/08/Framelss-Pentagonal-enclosure-with-two-glass-shelves-for-stability.jpg,,,,,,,,,0,,default,left,sidebar_4,0,1,sidebar_2,0,enabled,normal,disabled,light,#ffffff,25,#000000,50,normal,light,#ffffff,25,#000000,50,,,,,,,,,,
2585,simple,,,"Glass bathroom wall with screen",1,0,visible,"<h4>Glass bathroom wall with screen</h4>","<h4>Glass bathroom wall with screen</h4>",,,taxable,,1,,,0,0,,,,,1,,,,"Frameless Shower Enclosures",,,https://showerhaus.co.za/wp-content/uploads/2019/08/Glass-bathroom-wall-with-screen.jpg,,,,,,,,,0,,default,left,sidebar_4,0,1,sidebar_2,0,enabled,normal,disabled,light,#ffffff,25,#000000,50,normal,light,#ffffff,25,#000000,50,,,,,,,,,,
2587,simple,,,"Glass Enclosed Study",1,0,visible,"<h4>Glass Enclosed Study</h4>","<h4>Glass Enclosed Study</h4>",,,taxable,,1,,,0,0,,,,,1,,,,"Frameless Shower Enclosures",,,https://showerhaus.co.za/wp-content/uploads/2019/08/Glass-Enclosed-Study.jpg,,,,,,,,,0,,default,left,sidebar_4,0,1,sidebar_2,0,enabled,normal,disabled,light,#ffffff,25,#000000,50,normal,light,#ffffff,25,#000000,50,,,,,,,,,,
2589,simple,,,"Header rail shower enclosure with pivot door sml",1,0,visible,"<h4>Header rail shower enclosure with pivot door sml</h4>","<h4>Header rail shower enclosure with pivot door sml</h4>",,,taxable,,1,,,0,0,,,,,1,,,,"Frameless Shower Enclosures",,,https://showerhaus.co.za/wp-content/uploads/2019/08/Header-rail-shower-enclosure-with-pivot-door-sml.jpg,,,,,,,,,0,,default,left,sidebar_4,0,1,sidebar_2,0,enabled,normal,disabled,light,#ffffff,25,#000000,50,normal,light,#ffffff,25,#000000,50,,,,,,,,,,
2590,simple,,,"Mirrorshield Door",1,0,visible,"<h4>Mirrorshield Door</h4>","<h4>Mirrorshield Door</h4>",,,taxable,,1,,,0,0,,,,,1,,,,"Frameless Shower Enclosures",,,https://showerhaus.co.za/wp-content/uploads/2019/08/Mirrorshield-Door.jpg,,,,,,,,,0,,default,left,sidebar_4,0,1,sidebar_2,0,enabled,normal,disabled,light,#ffffff,25,#000000,50,normal,light,#ffffff,25,#000000,50,,,,,,,,,,
2593,simple,,,"Sandblasted Frameless Enclosure with Header Rail",1,0,visible,"<h4>Sandblasted Frameless Enclosure with Header Rail</h4>","<h4>Sandblasted Frameless Enclosure with Header Rail</h4>",,,taxable,,1,,,0,0,,,,,1,,,,"Frameless Shower Enclosures",,,https://showerhaus.co.za/wp-content/uploads/2019/08/Sandblasted-Frameless-Enclosure-with-Header-Rail.jpg,,,,,,,,,0,,default,left,sidebar_4,0,1,sidebar_2,0,enabled,normal,disabled,light,#ffffff,25,#000000,50,normal,light,#ffffff,25,#000000,50,,,,,,,,,,
2595,simple,,,"Sandblasted screen with 2 stabiliser arms",1,0,visible,"<h4>Sandblasted screen with 2 stabiliser arms</h4>","<h4>Sandblasted screen with 2 stabiliser arms</h4>",,,taxable,,1,,,0,0,,,,,1,,,,"Frameless Shower Enclosures",,,https://showerhaus.co.za/wp-content/uploads/2019/08/Sandblasted-screen-with-2-stabiliser-arms.jpg,,,,,,,,,0,,default,left,sidebar_4,0,1,sidebar_2,0,enabled,normal,disabled,light,#ffffff,25,#000000,50,normal,light,#ffffff,25,#000000,50,,,,,,,,,,
2597,simple,,,"Square frameless door hinged off in line panel with return",1,0,visible,"<h4>Square frameless door hinged off in line panel with return</h4>","<h4>Square frameless door hinged off in line panel with return</h4>",,,taxable,,1,,,0,0,,,,,1,,,,"Frameless Shower Enclosures",,,https://showerhaus.co.za/wp-content/uploads/2019/08/Square-frameless-door-hinged-off-in-line-panel-with-return.jpg,,,,,,,,,0,,,left,sidebar_4,0,1,sidebar_2,0,enabled,normal,disabled,light,#ffffff,25,#000000,50,normal,light,#ffffff,25,#000000,50,,,,,,,,,,
2599,simple,,,"Square frameless door with D handle",1,0,visible,"<h4>Square frameless door with D handle</h4>","<h4>Square frameless door with D handle</h4>",,,taxable,,1,,,0,0,,,,,1,,,,"Frameless Shower Enclosures",,,https://showerhaus.co.za/wp-content/uploads/2019/08/Square-frameless-door-with-D-handle.jpg,,,,,,,,,0,,default,left,sidebar_4,0,1,sidebar_2,0,enabled,normal,disabled,light,#ffffff,25,#000000,50,normal,light,#ffffff,25,#000000,50,,,,,,,,,,
2601,simple,,,"Stabiliser arm",1,0,visible,"<h4>Stabiliser arm</h4>","<h4>Stabiliser arm</h4>",,,taxable,,1,,,0,0,,,,,1,,,,"Frameless Shower Enclosures",,,https://showerhaus.co.za/wp-content/uploads/2019/08/Stabiliser-arm.jpg,,,,,,,,,0,,default,left,sidebar_4,0,1,sidebar_2,0,enabled,normal,disabled,light,#ffffff,25,#000000,50,normal,light,#ffffff,25,#000000,50,,,,,,,,,,
2603,simple,,,"Typical Frameless enclosure with wall mounted door",1,0,visible,"<h4>Typical Frameless enclosure with wall mounted door</h4>","<h4>Typical Frameless enclosure with wall mounted door</h4>",,,taxable,,1,,,0,0,,,,,1,,,,"Frameless Shower Enclosures",,,https://showerhaus.co.za/wp-content/uploads/2019/08/Typical-Frameless-enclosure-with-wall-mounted-door.jpg,,,,,,,,,0,,default,left,sidebar_4,0,1,sidebar_2,0,enabled,normal,disabled,light,#ffffff,25,#000000,50,normal,light,#ffffff,25,#000000,50,,,,,,,,,,
2605,simple,,,"Walk in Enclosure two Screens and shelves for support",1,0,visible,"<h4>Walk in Enclosure two Screens and shelves for support</h4>","<h4>Walk in Enclosure two Screens and shelves for support</h4>",,,taxable,,1,,,0,0,,,,,1,,,,"Frameless Shower Enclosures",,,https://showerhaus.co.za/wp-content/uploads/2019/08/Walk-in-Enclosure-two-Screens-and-shelves-for-support.jpg,,,,,,,,,0,,default,left,sidebar_4,0,1,sidebar_2,0,enabled,normal,disabled,light,#ffffff,25,#000000,50,normal,light,#ffffff,25,#000000,50,,,,,,,,,,
2607,simple,,,"Walk In Shower Screen with Black Hardware",1,0,visible,"<h4>Walk In Shower Screen with Black Hardware</h4>","<h4>Walk In Shower Screen with Black Hardware</h4>",,,taxable,,1,,,0,0,,,,,1,,,,"Frameless Shower Enclosures",,,https://showerhaus.co.za/wp-content/uploads/2019/08/Walk-In-Shower-Screen-with-Black-Hardware.jpg,,,,,,,,,0,,default,left,sidebar_4,0,1,sidebar_2,0,enabled,normal,disabled,light,#ffffff,25,#000000,50,normal,light,#ffffff,25,#000000,50,,,,,,,,,,
2610,simple,,,"Walk In Shower Screen",1,0,visible,"<h4>Walk In Shower Screen</h4>","<h4>Walk In Shower Screen</h4>",,,taxable,,1,,,0,0,,,,,1,,,,"Frameless Shower Enclosures",,,https://showerhaus.co.za/wp-content/uploads/2019/08/Walk-In-Shower-Screen.jpg,,,,,,,,,0,,default,left,sidebar_4,0,1,sidebar_2,0,enabled,normal,disabled,light,#ffffff,25,#000000,50,normal,light,#ffffff,25,#000000,50,,,,,,,,,,
2612,simple,,,"Wall Hinged Door with Glass Shelf on Return Panel",1,0,visible,"<h4>Wall Hinged Door with Glass Shelf on Return Panel</h4>","<h4>Wall Hinged Door with Glass Shelf on Return Panel</h4>",,,taxable,,1,,,0,0,,,,,1,,,,"Frameless Shower Enclosures",,,https://showerhaus.co.za/wp-content/uploads/2019/08/Wall-Hinged-Door-with-Glass-Shelf-on-Return-Panel.jpg,,,,,,,,,0,,default,left,sidebar_4,0,1,sidebar_2,0,enabled,normal,disabled,light,#ffffff,25,#000000,50,normal,light,#ffffff,25,#000000,50,,,,,,,,,,
2752,simple,,,"Support Bar extendible from 800mm to 1200mm",1,0,visible,"<h4>Support Bar extendible from 800mm to 1200mm</h4>","<h4>Support Bar extendible from 800mm to 1200mm</h4>",,,taxable,,1,,,0,0,,,,,1,,,,"Shower Spares > Handles & Towel Rails, Shower Spares",,,https://showerhaus.co.za/wp-content/uploads/2019/08/Support-Bar-extendible.jpg,,,,,,,,,0,,default,left,sidebar_4,0,1,sidebar_2,0,enabled,normal,disabled,light,#ffffff,25,#000000,50,normal,light,#ffffff,25,#000000,50,,,,,,,,,,
2755,simple,,,"Semi-Frameless Bi-Fold",1,0,visible,"<h4>Semi-Frameless Bi-Fold </h4>\n\n","<h4>Semi-Frameless Bi-Fold </h4>\n",,,taxable,,1,,,0,0,,,,,1,,,,"Semi-Frameless Showers",,,https://showerhaus.co.za/wp-content/uploads/2019/08/Semi-Frameless-Bi-Fold-.jpg,,,,,,,,,0,,default,left,sidebar_4,0,1,sidebar_2,0,enabled,normal,disabled,light,#ffffff,25,#000000,50,normal,light,#ffffff,25,#000000,50,,,,,,,,,,
2759,simple,,,"Bow & Towel Rail Handle",1,0,visible,"<h4>Bow & Towel Rail Handle</h4>\n457mm x 150mm Bow & Towel Rail Handle\n","<h4>Bow & Towel Rail Handle</h4>\n457mm x 150mm Bow & Towel Rail Handle\n",,,taxable,,1,,,0,0,,,,,1,,,,"Shower Spares > Handles & Towel Rails, Shower Spares",,,https://showerhaus.co.za/wp-content/uploads/2019/08/Handle.jpg,,,,,,,,,0,,default,left,sidebar_4,0,1,sidebar_2,0,enabled,normal,disabled,light,#ffffff,25,#000000,50,normal,light,#ffffff,25,#000000,50,,,,,,,,,,
2762,simple,,,"Black Back to Back Knob Handle",1,0,visible,"<h4>Black Back to Back Knob Handle</h4>","<h4>Black Back to Back Knob Handle</h4>",,,taxable,,1,,,0,0,,,,,1,,,,"Shower Spares > Handles & Towel Rails, Shower Spares",,,https://showerhaus.co.za/wp-content/uploads/2019/08/Black-Back-to-Back-Knob-Handle-new.jpg,,,,,,,,,0,,default,left,sidebar_4,0,1,sidebar_2,0,enabled,normal,disabled,light,#ffffff,25,#000000,50,normal,light,#ffffff,25,#000000,50,,,,,,,,,,
2764,simple,,,"Square back to back knob",1,0,visible,"<h4>Square back to back knob</h4>\n\n","<h4>Square back to back knob</h4>\n\n",,,taxable,,1,,,0,0,,,,,1,,,,"Shower Spares > Handles & Towel Rails, Shower Spares",,,https://showerhaus.co.za/wp-content/uploads/2019/08/Square-back-to-back-knob.jpg,,,,,,,,,0,,default,left,sidebar_4,0,1,sidebar_2,0,enabled,normal,disabled,light,#ffffff,25,#000000,50,normal,light,#ffffff,25,#000000,50,,,,,,,,,,
2770,simple,,,Tri-Door-Spare-Parts-Diagram,1,0,visible,"<h4>Tri-Door-Spare-Parts-Diagram</h4>\n","<h4>Tri-Door-Spare-Parts-Diagram/h4>\n",,,taxable,,1,,,0,0,,,,,1,,,,"Shower Spares, Shower Spares > Shower Wheels & Brackets",,,https://showerhaus.co.za/wp-content/uploads/2019/08/Tri-Door-Spare-Parts-Diagram.jpg,,,,,,,,,0,,default,left,sidebar_4,0,1,sidebar_2,0,enabled,normal,disabled,light,#ffffff,25,#000000,50,normal,light,#ffffff,25,#000000,50,,,,,,,,,,
2931,simple,,,"Back to Back Knob Handle",1,0,visible,"<h4>Back to Back Knob Handle</h4>\nBack to back knob handle – Small 27mm diameter\nBack to back knob handle – Large 37mm diameter\n","<h4>Back to Back Knob Handle</h4>\nBack to back knob handle – Small 27mm diameter\nBack to back knob handle – Large 37mm diameter\n",,,taxable,,1,,,0,0,,,,,1,,,,"Shower Spares > Handles & Towel Rails, Shower Spares",,,https://showerhaus.co.za/wp-content/uploads/2019/08/Back-to-Back-knob-handles-new.jpg,,,,,,,,,0,,default,left,sidebar_4,0,1,sidebar_2,0,enabled,normal,disabled,light,#ffffff,25,#000000,50,normal,light,#ffffff,25,#000000,50,,,,,,,,,,
3656,simple,,,"Stainless Steel Chrome Handle",1,0,visible,"<h4>Stainless Steel Chrome Handle</h4>\n\n","<h4>Stainless Steel Chrome Handle</h4>\n\n",,,taxable,,1,,,0,0,,,,,1,,,,"Shower Spares > Handles & Towel Rails, Shower Spares",,,https://showerhaus.co.za/wp-content/uploads/2019/09/Stainless-steel-Chrome-Handle.jpg,,,,,,,,,0,,default,left,sidebar_4,0,1,sidebar_2,0,enabled,normal,disabled,light,#ffffff,25,#000000,50,normal,light,#ffffff,25,#000000,50,,,,,,,,,,
4097,simple,,,"White or Black Pivot Blocks for Framed Pivot Doors",1,0,visible,"<h4>White or Black Pivot Blocks for Framed Pivot Doors</h4>\n\n","<h4>White or Black Pivot Blocks for Framed Pivot Doors</h4>\n\n",,,taxable,,1,,,0,0,,,,,1,,,,"Shower Spares, Shower Spares > Shower Wheels & Brackets",,,https://showerhaus.co.za/wp-content/uploads/2019/10/Pivot-Blocks-for-Framed-Pivot-Doors.jpg,,,,,,,,,0,,default,left,sidebar_4,0,1,sidebar_2,0,enabled,normal,disabled,light,#ffffff,25,#000000,50,normal,light,#ffffff,25,#000000,50,,,,,,,,,,
7290,simple,,,Pivot-Hinge,1,0,visible,,,,,taxable,,1,,,0,0,,,,,1,,,,"Shower Spares",,,https://showerhaus.co.za/wp-content/uploads/2021/10/Pivot-Hinge.jpg,,,,,,,,,0,,,left,sidebar_4,0,1,sidebar_2,0,enabled,normal,disabled,light,#ffffff,25,#000000,50,normal,light,#ffffff,25,#000000,50,,,default,,,,,,,
7292,simple,,,"Plastic With Metal Pin Pivot Block",1,0,visible,,,,,taxable,,1,,,0,0,,,,,1,,,,"Shower Spares",,,https://showerhaus.co.za/wp-content/uploads/2021/10/Untitled-design.jpg,,,,,,,,,0,,,left,sidebar_4,0,1,sidebar_2,0,enabled,normal,disabled,light,#ffffff,25,#000000,50,normal,light,#ffffff,25,#000000,50,,,default,,,,,,,
7294,simple,,,"SM Rounded White Pivot Block With Metal Pin",1,0,visible,,,,,taxable,,1,,,0,0,,,,,1,,,,"Shower Spares",,,https://showerhaus.co.za/wp-content/uploads/2021/10/SM-Rounded-White-Pivot-Block-with-metal-pin.jpg,,,,,,,,,0,,,left,sidebar_4,0,1,sidebar_2,0,enabled,normal,disabled,light,#ffffff,25,#000000,50,normal,light,#ffffff,25,#000000,50,,,default,,,,,,,
7296,simple,,,"White or Black Plastic Pivot Blocks",1,0,visible,,,,,taxable,,1,,,0,0,,,,,1,,,,"Shower Spares",,,https://showerhaus.co.za/wp-content/uploads/2021/10/White-or-Black-Plastic-Pivot-Blocks.jpg,,,,,,,,,0,,,left,sidebar_4,0,1,sidebar_2,0,enabled,normal,disabled,light,#ffffff,25,#000000,50,normal,light,#ffffff,25,#000000,50,,,default,,,,,,,
7317,simple,,,"Black Framed Toilet Enclosure (Copy)",-1,0,visible,"<h4>Black Framed Toilet Enclosure</h4>\n\n\n\n","<h4>Black Framed Toilet Enclosure</h4>\n\n\n",,,taxable,,1,,,0,0,,,,,1,,,,"Framed Shower Enclosures",,,https://showerhaus.co.za/wp-content/uploads/2019/08/Black-Framed-Toilet-enclosure.jpg,,,,,,,,,0,,,left,sidebar_4,0,1,sidebar_2,0,enabled,normal,disabled,light,#ffffff,25,#000000,50,normal,light,#ffffff,25,#000000,50,,,,,,,,,,
7324,simple,,,"Frameless In Line Shower Enclosure",1,0,visible,"Frameless In Line Shower Enclosure","Frameless In Line Shower Enclosure",,,taxable,,1,,,0,0,,,,,1,,,,"Frameless Shower Enclosures",,,https://showerhaus.co.za/wp-content/uploads/2023/10/Frameless-In-Line-Shower-Enclosure-scaled.jpg,,,,,,,,,0,,,right,sidebar_1,0,1,sidebar_2,0,enabled,normal,disabled,light,#ffffff,25,#000000,50,normal,light,#ffffff,25,#000000,50,,,default,,,,,,,
7326,simple,,,"Frameless In-Line Shower Enclosure with Reeded Glass",1,0,visible,"Frameless In-Line Shower Enclosure with Reeded Glass","Frameless In-Line Shower Enclosure with Reeded Glass",,,taxable,,1,,,0,0,,,,,1,,,,"Frameless Shower Enclosures",,,https://showerhaus.co.za/wp-content/uploads/2023/10/Frameless-In-Line-Shower-Enclosure-with-Reeded-Glass-scaled.jpg,,,,,,,,,0,,,right,sidebar_1,0,1,sidebar_2,0,enabled,normal,disabled,light,#ffffff,25,#000000,50,normal,light,#ffffff,25,#000000,50,,,default,,,,,,,
7328,simple,,,"Frameless Shower and Toilet Enclosure",1,0,visible,"Frameless Shower and Toilet Enclosure","Frameless Shower and Toilet Enclosure",,,taxable,,1,,,0,0,,,,,1,,,,"Frameless Shower Enclosures",,,https://showerhaus.co.za/wp-content/uploads/2023/10/Frameless-Shower-and-Toilet-Enclosure-scaled.jpg,,,,,,,,,0,,,right,sidebar_1,0,1,sidebar_2,0,enabled,normal,disabled,light,#ffffff,25,#000000,50,normal,light,#ffffff,25,#000000,50,,,default,,,,,,,
7330,simple,,,"Frameless Sliding Shower Enclosure with Black Hardware",1,0,visible,"Frameless Sliding Shower Enclosure with Black Hardware","Frameless Sliding Shower Enclosure with Black Hardware",,,taxable,,1,,,0,0,,,,,1,,,,"Frameless Shower Enclosures",,,https://showerhaus.co.za/wp-content/uploads/2023/10/Frameless-Sliding-Shower-Enclosure-with-Black-Hardware-scaled.jpg,,,,,,,,,0,,,right,sidebar_1,0,1,sidebar_2,0,enabled,normal,disabled,light,#ffffff,25,#000000,50,normal,light,#ffffff,25,#000000,50,,,default,,,,,,,
